0,European modern bed luxury sleeping bedroom furniture set,"KING, Double",$300.00 - $335.00,"//sc02.alicdn.com/kf/Ha7e25dd448c24952ba31c40f64143566M.jpg, //sc02.alicdn.com/kf/Hc388d301b23742f7bc8d227d0b2b11ce1.jpg, //sc01.alicdn.com/kf/H05024763645544f68d22f32edefae5b2r.jpg, //sc01.alicdn.com/kf/H49120040fa464d61993530434c73d55dv.jpg",https://fscalla.en.alibaba.com/product/62480124623-816660537/European_modern_bed_luxury_sleeping_bedroom_furniture_set.html,BE-1
1,French Luxury Leather ultra Double King Size Frame Upholstered bed for Modern bedroom furniture,"KING, Double",$350.00 - $365.00,"//sc01.alicdn.com/kf/H7e5b114e04624126ac284f23f103555c6.jpg, //sc01.alicdn.com/kf/H53acef1d06ca438d91790bf55f662086z.jpg, //sc01.alicdn.com/kf/H9ba85abf794a4b70b022ff695712788ao.jpg, //sc01.alicdn.com/kf/Hf90cbee577cf48629a5ee9ce1eef86495.jpg",https://fscalla.en.alibaba.com/product/62492098194-816660537/French_Luxury_Leather_ultra_Double_King_Size_Frame_Upholstered_bed_for_Modern_bedroom_furniture.html,BE-2
2,Modern latest fashional single double Upholstered leather luxury king size turkey mattress bed sets,"KING, Double",$350.00 - $365.00,"//sc01.alicdn.com/kf/H6b9eee5c5ccf4c55ae849cd8603b39a1V.jpg, //sc01.alicdn.com/kf/H066ba9e5e6e143bb86cb8a991126a872A.jpg, //sc01.alicdn.com/kf/Ha3b8a92411614a3abc150cba8a2a79cdH.jpg",https://fscalla.en.alibaba.com/product/62512903824-816660537/Modern_latest_fashional_single_double_Upholstered_leather_luxury_king_size_turkey_mattress_bed_sets.html,BE-3
3,Modern Home Furniture General Use and Bedroom Set Specific Use luxury bedroom set,"KING, Double",$300.00 - $335.00,"//sc01.alicdn.com/kf/H2b8cda351e62433a88c587ec30534ee4a.jpg, //sc01.alicdn.com/kf/H176e1e40a1474b178327feb07b9e548eW.jpg, //sc01.alicdn.com/kf/H9b9c96666d104b06a6a787495ea7146be.jpg, //sc01.alicdn.com/kf/H3e9b0ed343b0459281d6126e06ef5aac3.jpg, //sc02.alicdn.com/kf/H8c28f8e264084ef98d057113fba707e07.jpg, //sc01.alicdn.com/kf/H29b0de10501e43719ec014fddf2a868bT.jpg",https://fscalla.en.alibaba.com/product/62480052422-816660537/Modern_Home_Furniture_General_Use_and_Bedroom_Set_Specific_Use_luxury_bedroom_set.html,BE-4
4,Hot sale Apartment theme furniture luxury bedroom Leather bed for home hotel,"KING, Double",$300.00 - $335.00,"//sc02.alicdn.com/kf/H479f625c80644e24afe0ba19358a3cfcj.jpg, //sc01.alicdn.com/kf/H657134bdc1b946e881c018bf247d5a7ey.jpg, //sc01.alicdn.com/kf/H1182045342d24bb3a59b7da8f550f146B.jpg, //sc01.alicdn.com/kf/Hb6ed078322c24530b7bf3ca9d3d79d23F.jpg, //sc01.alicdn.com/kf/H9989cbe64adb41e48a955f96c84859768.jpg, //sc02.alicdn.com/kf/Hd8a2f679a3e24039a17a3dd71c1482c78.jpg",https://fscalla.en.alibaba.com/product/62508928853-816660537/Hot_sale_Apartment_theme_furniture_luxury_bedroom_Leather_bed_for_home_hotel.html,BE-5
5,Luxury Modern High quality leather bed set with Metal frame bedroom furniture,"KING, Double",$350.00 - $400.00,"//sc01.alicdn.com/kf/H110d071a34604f7dbfc74581943048b9T.jpg, //sc01.alicdn.com/kf/H956a56c1957148ffb27b8941944793fbp.jpg, //sc02.alicdn.com/kf/H19a4210b07f14bbfbdbf025c7c8b5d40d.jpg, //sc02.alicdn.com/kf/H858694cce0c54fb38809ba81e1f29766U.jpg, //sc01.alicdn.com/kf/H221d8a2e6426470a92714e91d93b68d4e.jpg, //sc02.alicdn.com/kf/H3c15d2d2449f4d1492b3aab45fe7b8eeV.jpg",https://fscalla.en.alibaba.com/product/62571084333-816660537/Luxury_Modern_High_quality_leather_bed_set_with_Metal_frame_bedroom_furniture.html,BE-6
6,Double king storage bedroom furniture good quality modern bed set,"KING, Double",$320.00 - $335.00,"//sc01.alicdn.com/kf/Hb4dff236f2bf4411bb0153ad5b2f8f108.jpg, //sc02.alicdn.com/kf/H84025aaa861c40789cb6f221aa801496W.jpg, //sc01.alicdn.com/kf/He6f68826259a4393a98433e14653a5a1X.jpg, //sc02.alicdn.com/kf/H7c610e0b5db143049c68a215a1be7e97k.jpg",https://fscalla.en.alibaba.com/product/62514777769-816660537/Double_king_storage_bedroom_furniture_good_quality_modern_bed_set.html,BE-7
7,Modern design multi functional massage Storage bed Double size bedroom furniture,"KING, Double",$320.00 - $335.00,"https://sc02.alicdn.com/kf/Hd155d1b8a90443818d6a892b99ef91e8T.jpg, //sc02.alicdn.com/kf/H7b73bf7c618f4766bc2105191bff0b259.jpg, //sc01.alicdn.com/kf/Hc6703897fe9d4b61a49c4ba09897a4caw.jpg, //sc01.alicdn.com/kf/H673112da722d4f0a8576680dc8ef0246Z.jpg, //sc02.alicdn.com/kf/H73b9771c2cfb470ca2b67c397c0a4915a.jpg, //sc02.alicdn.com/kf/H851b2929778744e29f4d48fcc2c1d66c3.jpg",https://fscalla.en.alibaba.com/product/62488881676-816660537/Modern_design_multi_functional_massage_Storage_bed_Double_size_bedroom_furniture.html,BE-8
8,Luxury modern hydraulic Lift Up Storage leather Upholstered bed  for Home hotel bedroom furniture,"KING, Double",$375.00 - $385.00,"https://sc01.alicdn.com/kf/H2c48dd4d51a942af939a3ba157c5cc8aC.jpg, //sc02.alicdn.com/kf/Hc63fa0a739194654bacc3a4565efd0f31.jpg, //sc01.alicdn.com/kf/H208f2a217e6641c082aec44c8313a5cdG.jpg, //sc01.alicdn.com/kf/Ha301c24404134f9ba7bd3969fbcc7cb4M.jpg, //sc02.alicdn.com/kf/H585ec0e133714e26932dbdde55955d23W.jpg, //sc01.alicdn.com/kf/Hed12d12da2e048eeb205039f4e178b7f6.jpg, //sc02.alicdn.com/kf/H371ca07780cd4cfdbf4944d3ff3fe652Y.jpg",https://fscalla.en.alibaba.com/product/62492736619-816660537/Luxury_modern_hydraulic_Lift_Up_Storage_leather_Upholstered_bed_for_Home_hotel_bedroom_furniture.html,BE-9
9,Modern style luxury bed metal frame solid wood leather bed furniture,"KING, Double",$442.00 - $572.00,"//sc02.alicdn.com/kf/H3908d4f3b2434d61a091b76860bf45614.jpg, //sc02.alicdn.com/kf/Hc825cc4e8ae348f2ae61bc177e69cbeb8.jpg, //sc01.alicdn.com/kf/H8f161aa647e74c43ab1f49ccbbcd89e2X.jpg, //sc01.alicdn.com/kf/H54046fda7f1f40cca12c492e810bbd1al.jpg, //sc02.alicdn.com/kf/Hc5359c28bcfe400d9d3c13080b5d090fU.jpg, //sc01.alicdn.com/kf/H21e94d822eff4fb3adfa71124c406e471.jpg",https://fscalla.en.alibaba.com/product/1600095565515-816660537/Modern_style_luxury_bed_metal_frame_solid_wood_leather_bed_furniture.html,BE-10
10,American Style Post-Modern Luxury Genuine Leather Beds Wood Bed With Storage for bedroom furniture,"KING, Double",$290.00 - $305.00,"//sc02.alicdn.com/kf/H8f2de0c8c24a43f7a843bb174cdc5fbfk.jpg, //sc01.alicdn.com/kf/Hcbbb55ca8ea64752a9ca986a8f1bf506n.jpg, //sc02.alicdn.com/kf/H68e4ddb9414a4db2942dfc0de230b72co.jpg, //sc02.alicdn.com/kf/H8220a1a0330241e79e791dafee86b5d2k.jpg, //sc01.alicdn.com/kf/H1c0d3451a7df4347aca7c7c0e121eb33m.jpg, //sc02.alicdn.com/kf/H5a45c0b9dba54980a0978e82e5c691c2A.jpg",https://fscalla.en.alibaba.com/product/62479980211-816660537/American_Style_Post_Modern_Luxury_Genuine_Leather_Beds_Wood_Bed_With_Storage_for_bedroom_furniture.html,BE-11
11,High quality wooden luxury leather bed room furniture bedroom set,"KING, Double, 2250*2020*1400, 2250*1720*1400",$450.00 - $580.00,"//sc01.alicdn.com/kf/Hf1c98af4d22d4de282705d490d04b16eG.jpg, //sc01.alicdn.com/kf/H125ccaebc9d74552a811573e93dd5c3dO.jpg, //sc01.alicdn.com/kf/H01cab06a74a345dfb6876c68dcf5afdcj.jpg, //sc01.alicdn.com/kf/Haf3dcf4f61f640a09db388c551a85401E.jpg, //sc01.alicdn.com/kf/H31fec9010c6444c09c37704f57c0b42fy.jpg",https://fscalla.en.alibaba.com/product/1600095575511-816660537/High_quality_wooden_luxury_leather_bed_room_furniture_bedroom_set.html,BE-12
12,Modern Upholstered luxury Leather Design King Size Bed furniture,"KING, Double, 2120*1820*1400, 2120*1520*1400",$450.00 - $580.00,"//sc01.alicdn.com/kf/He7cef823bbb0433f9464ffe8a8473dceK.jpg, //sc02.alicdn.com/kf/H3579cc3b999641eebefa5c8fd69dbcb4B.jpg, //sc01.alicdn.com/kf/H3340f78bf007425fb524ed2360aa7491V.jpg, //sc01.alicdn.com/kf/H5389261ae0cc4a8fa6a3fa197f64b2c7R.jpg, //sc02.alicdn.com/kf/Hc1ecd558a9c94cb7aa063ba7849ec7eev.jpg, //sc01.alicdn.com/kf/H878097c7890f4871af2b8e0cde325ef90.jpg",https://fscalla.en.alibaba.com/product/1600095579296-816660537/Modern_Upholstered_luxury_Leather_Design_King_Size_Bed_furniture.html,BE-13
13,Modern luxury bedroom furniture bedroom set king size solid wood genuine leather bed,"KING, Double, 2200*1980*1450, 2200*1680*1450",$450.00 - $580.00,"//sc01.alicdn.com/kf/H9bfa375d83f441e7b6e71d3e4b196ed4g.jpg, //sc01.alicdn.com/kf/H1600e9aad2bf4f718c855ed08f391443v.jpg, //sc01.alicdn.com/kf/H11caeae0d37d4b33a11548c9bfdfa28bR.jpg, //sc02.alicdn.com/kf/H460188319c1e4437ac6c454c24240cc8R.jpg, //sc01.alicdn.com/kf/H48abe9d31abe43d084cce46f5485c00eB.jpg, //sc01.alicdn.com/kf/Ha93248883c614fd7a23dd41f36255098H.jpg",https://fscalla.en.alibaba.com/product/1600095621171-816660537/Modern_luxury_bedroom_furniture_bedroom_set_king_size_solid_wood_genuine_leather_bed.html,BE-14
14,New Modern Bedroom golden stainless steel frame Luxury leather bed furniture,"KING, Double, 2190*2010*1130, 2190*1710*1130",$450.00 - $580.00,"//sc02.alicdn.com/kf/H4dd460e592be4405ad2e2a6412168ac3e.jpg, //sc02.alicdn.com/kf/H804636bd3d504a9680c60ede02e9975aW.jpg, //sc01.alicdn.com/kf/Hfcc279985952407e97329281e3bdc8a7c.jpg, //sc02.alicdn.com/kf/H1c8beb48a1194b329f881ae88d3fee5b2.jpg, //sc02.alicdn.com/kf/H621c470baebc4393aaabb300d0290acb6.jpg, //sc02.alicdn.com/kf/H17555951cabc4710a55b6851529c2c7eY.jpg",https://fscalla.en.alibaba.com/product/1700001916142-816660537/New_Modern_Bedroom_golden_stainless_steel_frame_Luxury_leather_bed_furniture.html,BE-15
15,2020 Light luxury modern fashionable bedroom furniture leather bed set,"KING, Double, 2190*2010*1130, 2190*1710*1130",$450.00 - $580.00,"//sc01.alicdn.com/kf/H32368187205343e087e4d3512bdc64fc4.jpg, //sc01.alicdn.com/kf/H7861b27292b44c30b8e7d5e6ae426583T.jpg, //sc01.alicdn.com/kf/Ha208f4d367c94fb89fa142ed89c7cd91I.jpg, //sc01.alicdn.com/kf/Ha79a5283dfe849ea8fd3c2d9000d44c5D.jpg, //sc02.alicdn.com/kf/Hd78c601daac44463ac8b4dc0c03d36c8y.jpg, //sc01.alicdn.com/kf/H1dccb705b0fb466ab9d32932d2eadb77c.jpg",https://fscalla.en.alibaba.com/product/1600095682822-816660537/2020_Light_luxury_modern_fashionable_bedroom_furniture_leather_bed_set.html,BE-16
16,Luxury Bed Room Furniture Leather Double King Size Bed,"KING, Double, 2100*1820*1400",$380.00 - $500.00,"//sc01.alicdn.com/kf/Hbce8bc5dca2a41bbb876ce3e8752d8e23.jpg, //sc01.alicdn.com/kf/H48920e2e9071499986719aeff247c150W.jpg, //sc01.alicdn.com/kf/H1d1a6fc2e59744be9101eee4ff3b67363.jpg, //sc02.alicdn.com/kf/H9aa02dae703c4ab282b033ec1d0ea7b01.jpg, //sc01.alicdn.com/kf/H00aedea64ba7482d9afe6c661b414eb68.jpg, //sc01.alicdn.com/kf/Had6cd8c9ec034f6f9a38dff271e8568fP.jpg",https://fscalla.en.alibaba.com/product/1600096161113-816660537/Luxury_Bed_Room_Furniture_Leather_Double_King_Size_Bed.html,BE-17
17,2020 New Design Luxury Adult Room Wooden Frame King/Queen Size Comfortable Leather Bed,"KING, Double, 2200*1960*1400, 2200*1660*1400",$430.00 - $550.00,"//sc01.alicdn.com/kf/Hbf418917f6cc41cf9e8ddf1a8ad3e57dX.jpg, //sc01.alicdn.com/kf/Ha768c57f7a7b454c962c24f393534fe83.jpg, //sc02.alicdn.com/kf/H77ca355847e848edae570912e04f8de4K.jpg, //sc01.alicdn.com/kf/H97a1581e63d440389773b5d59d2db4d4E.jpg, //sc02.alicdn.com/kf/Hef02c524426e4e05810216e2704c3e616.jpg, //sc01.alicdn.com/kf/Hb7c295af10184ae3b0ec10fb042f419bn.jpg",https://fscalla.en.alibaba.com/product/1600095986591-816660537/2020_New_Design_Luxury_Adult_Room_Wooden_Frame_King_Queen_Size_Comfortable_Leather_Bed.html,BE-18
18,Modern Bedroom Furniture Leather/Velvet Fabric Luxury Bed with Golden Plating Frame Headboard,"KING, Double, 2100*1850*1460, 2100*1550*1460",$310.00 - $400.00,"https://sc02.alicdn.com/kf/Hd155d1b8a90443818d6a892b99ef91e8T.jpg, //sc01.alicdn.com/kf/Hbecfc2f9889b4142b2c043db63b2b644Z.jpg, //sc01.alicdn.com/kf/H5f0a68426c124754a01f2deb853649f9Q.jpg, //sc01.alicdn.com/kf/H722b751a474540acabbadc33b06eca76c.jpg, //sc02.alicdn.com/kf/Hff4e8020859a4e80a40f60858d6f0b6fn.jpg, //sc01.alicdn.com/kf/Hfd1e69c311b24f9eaaa4ca8be4ac9ba6B.jpg, //sc01.alicdn.com/kf/H1af223319d784cc6883b79b873bef311M.jpg",https://fscalla.en.alibaba.com/product/1600096585029-816660537/Modern_Bedroom_Furniture_Leather_Velvet_Fabric_Luxury_Bed_with_Golden_Plating_Frame_Headboard.html,BE-19
19,Modern latest fashional single double Upholstered new genuine leather bed furniture,"KING, Double, 2200*1960*1400, 2200*1660*1400",$430.00 - $550.00,"//sc02.alicdn.com/kf/H1e94a82fa140498b9b572af87ddd887dX.jpg, //sc01.alicdn.com/kf/H3cc0ea2fdd3142d69cb7e2c9e420aa0fR.jpg, //sc02.alicdn.com/kf/H7b7468c49ce54e9c98d7e25378a740f8H.jpg, //sc01.alicdn.com/kf/Hcd785432afd643f5b1f6a0c7e5627b90k.jpg, //sc01.alicdn.com/kf/Hddd9c057b023493a9cf4ca811fcfd7b7X.png_50x50.png, //sc02.alicdn.com/kf/H8a37bbb1ceb548bc8c95bc196d8b6793Q.jpg",https://fscalla.en.alibaba.com/product/1600095952863-816660537/Modern_latest_fashional_single_double_Upholstered_new_genuine_leather_bed_furniture.html,BE-20
20,2020 New Model Modern European Bedroom Furniture Luxury Leather Double Bed,"KING, Double, 2100*1850*1460, 2100*1550*1460",$350.00 - $480.00,"//sc01.alicdn.com/kf/H04009a3193ff457788c91bd220eecf34s.jpg, //sc01.alicdn.com/kf/H3c5a414fa444416996c6fae5f09740695.jpg, //sc02.alicdn.com/kf/H89ae73df25114321a8c268a49c55f358U.jpg, //sc02.alicdn.com/kf/H6be5b906599e422498f98e02a60dc1134.jpg, //sc01.alicdn.com/kf/H6fd7866b568944f5bf308253b04a8b46f.jpg, //sc02.alicdn.com/kf/Hd72911a7c0cb41b595c14b7391bef6f4F.jpg",https://fscalla.en.alibaba.com/product/1600096139495-816660537/2020_New_Model_Modern_European_Bedroom_Furniture_Luxury_Leather_Double_Bed.html,BE-21
21,modern luxury bedroom furniture upholstered genuine leather bed,"KING, Double, 2320*2320*1200, 2320*2020*1200",$380.00 - $500.00,"//sc02.alicdn.com/kf/Hc81892cfdf1d42eeb7cea8eddb794845p.jpg, //sc01.alicdn.com/kf/Hc041183b20054282896929a4c6617a15B.jpg, //sc01.alicdn.com/kf/Hc8bb84b6a57f43e388d01ae64f8a6a524.jpg, //sc01.alicdn.com/kf/Hc65c8f37f8c14eaaadbc9b327d0ec2a7S.jpg, //sc01.alicdn.com/kf/H4d10041fab2d417f8da6f801a4465119l.jpg, //sc02.alicdn.com/kf/Hb7458777ae4a4920b3514eba79c741f1W.jpg",https://fscalla.en.alibaba.com/product/1600096136469-816660537/modern_luxury_bedroom_furniture_upholstered_genuine_leather_bed.html,BE-22
22,modern luxury leather double bed with headboard bedroom furniture,"KING, Double, 2120*1830*1450, 2120*1530*1450",$310.00 - $400.00,"//sc02.alicdn.com/kf/H81306591ea8946bc889a3e6ce21ac268Y.jpg, //sc01.alicdn.com/kf/H5f627bae0dac4599a0067bc2eb1d88fcx.jpg, //sc01.alicdn.com/kf/Hec14477a5fa84c84978280f1b88cbc58L.jpg, //sc02.alicdn.com/kf/Hbbfe2b5803bb4e6da4dcba703524bfedX.jpg, //sc02.alicdn.com/kf/H9af7a8ff20694f72b389b5f534c9785bO.jpg, //sc01.alicdn.com/kf/H814d9a4cd67146809cf1bd286943177bE.jpg",https://fscalla.en.alibaba.com/product/1600096617270-816660537/modern_luxury_leather_double_bed_with_headboard_bedroom_furniture.html,BE-23
23,arabic style bedroom furniture suite queen bedroom furniture set velvet headboard and metal frame bed,"KING, Double, 2140*1930*1500, 2140*1630*1500",$310.00 - $400.00,"//sc01.alicdn.com/kf/Hd2c83aee0e92414290b5907cc50c652dI.jpg, //sc01.alicdn.com/kf/Hcb2db3ba270a4e6bb916702c2acf9dedK.jpg, //sc01.alicdn.com/kf/H4df3079d03c64741af2d449f1d5bfa2d2.jpg, //sc01.alicdn.com/kf/H687d528580df428c8150a3489eb678eak.jpg, //sc02.alicdn.com/kf/H8dde841e30ef4e5ea7119ad540645258z.jpg, //sc01.alicdn.com/kf/H4e5c9e979c62437eb56759cdb9941b28h.jpg",https://fscalla.en.alibaba.com/product/1600096733767-816660537/arabic_style_bedroom_furniture_suite_queen_bedroom_furniture_set_velvet_headboard_and_metal_frame_bed.html,BE-24
24,Hot 5 star hotel bedroom furniture support king or queen size luxury leather bed,"KING, Double, 2180*1640*1300, 2180*1940*1300",$310.00 - $400.00,"//sc01.alicdn.com/kf/H496eceeb46c1481a98ad74907183b40cX.jpg, //sc02.alicdn.com/kf/He8612eb27db74e618de493a155aad83f4.jpg, //sc01.alicdn.com/kf/Hba696badc5894cdca70526fd8381541c3.jpg, //sc02.alicdn.com/kf/Hfde3236e6b1345c8a873bc6c8e01236bG.jpg, //sc01.alicdn.com/kf/H638776bcf6094435b3bb6d77ee49a6042.jpg, //sc02.alicdn.com/kf/H7f83e922eaba448f9a5fe5856353417eL.jpg",https://fscalla.en.alibaba.com/product/1600096750563-816660537/Hot_5_star_hotel_bedroom_furniture_support_king_or_queen_size_luxury_leather_bed.html,BE-25
