0,Modern Marble Stainless Steel Gold Wicker Clear double Coffee Table With Wooden and White Glass,"80*70*38CM, 90*80*38CM","1 - 9 Pieces, $250.00, 10 - 99 Pieces, $220.00, >=100 Pieces, $200.00","//sc02.alicdn.com/kf/Ha451690ff66847439b0b5c15934db999w.jpg_50x50.jpg, //sc02.alicdn.com/kf/Hcd20601a836e4eefb355641e343d082ek.jpg_50x50.jpg, //sc02.alicdn.com/kf/He8399784b6ef41faa19bf25fa0ca7e73Q.jpg_50x50.jpg, //sc01.alicdn.com/kf/H4b48eed4d49342caa62230aebb683138U.jpg_50x50.jpg, //sc01.alicdn.com/kf/Ha27d9caeb50e4bc89cd6597c241253bct.jpg_50x50.jpg",https://fscalla.en.alibaba.com/product/62490100862-820627505/Modern_Marble_Stainless_Steel_Gold_Wicker_Clear_double_Coffee_Table_With_Wooden_and_White_Glass.html,CT-1
1,Modern 201#Stainless Steel Artifical Marble surface Coffee Table With Titanium Plating,"100*35, 50*50, 50*40",$75.00 - $150.00,"//sc02.alicdn.com/kf/H9459b668f961420399843f720489df39v.jpg_50x50.jpg, //sc01.alicdn.com/kf/H293ed022bb894215a63dc738e51bd4b5b.jpg_50x50.jpg, //sc01.alicdn.com/kf/H2fcfb548081c403b80b68726e36e1794R.jpg_50x50.jpg, //sc01.alicdn.com/kf/Ha42b4ba1e05e4a6ba6ce43b231ba1831F.jpg_50x50.jpg, //sc02.alicdn.com/kf/H62720520b12444118f2a53663e3ec054h.jpg_50x50.jpg, //sc01.alicdn.com/kf/H32ef75ca8b08450ab9ce6de62403ee73Q.jpg_50x50.jpg",https://fscalla.en.alibaba.com/product/62410111966-820627505/Modern_201_Stainless_Steel_Artifical_Marble_surface_Coffee_Table_With_Titanium_Plating.html,CT-2
2,Modern luxury tea table golden stainless steel coffee table with marble top,120*60*43,$150.00 - $158.00,"//sc02.alicdn.com/kf/H29c9b6a4d2f94a4c8f4f97e939317f50Z.jpg_50x50.jpg, //sc02.alicdn.com/kf/H43027086f8204f3794c0c5d2d86a33ceZ.jpg_50x50.jpg, //sc01.alicdn.com/kf/Hf5859fc765034c66b544101ab8392c28i.jpg_50x50.jpg, //sc02.alicdn.com/kf/H7c802ceb32694a1fa1649122410aa713y.jpg_50x50.jpg, //sc01.alicdn.com/kf/Hdb113bcbfb0d42878fba89d854ea048dy.jpg_50x50.jpg",https://fscalla.en.alibaba.com/product/1600097153400-820627505/Modern_luxury_tea_table_golden_stainless_steel_coffee_table_with_marble_top.html,CT-3
3,201#Stainless Steel Gold Legs Round Artifical marble Coffee Table Set modern furniture,"100*45CM, 50*40CM",$90.00 - $150.00,"//sc01.alicdn.com/kf/H350bac84284b44bd897e2ef1fd5fb4645.jpg_50x50.jpg, //sc02.alicdn.com/kf/H059e814192f4440ea389446e54465833U.jpg_50x50.jpg, //sc02.alicdn.com/kf/Hffdd33db9c7846d4b5173f916b0341ccU.jpg_50x50.jpg, //sc02.alicdn.com/kf/H2162905dc84541cb89322fc0187610f0g.jpg_50x50.jpg",https://fscalla.en.alibaba.com/product/62493521277-820627505/201_Stainless_Steel_Gold_Legs_Round_Artifical_marble_Coffee_Table_Set_modern_furniture.html,CT-4
4,Nordic Simple Double surface 201 Stainless Steel Round shape living room table sets,"80*45, 60*40",$90.00 - $120.00,"https://img.alicdn.com/imgextra/i3/6000000002286/O1CN01Iox9hm1Sl1zMSPFJN_!!6000000002286-0-tbvideo.jpg, //sc01.alicdn.com/kf/H03d17136073e427ab0f0ef5a612a11178.jpg_50x50.jpg, //sc01.alicdn.com/kf/H147ba02a751644ad9144c8d75fbdbbc66.jpg_50x50.jpg, //sc01.alicdn.com/kf/H971a168a96ba41bdb9c59075525add1eh.jpg_50x50.jpg, //sc02.alicdn.com/kf/H30d9bc4977044750ad3b8dc9c6d9656br.jpg_50x50.jpg, //sc01.alicdn.com/kf/H38a88d000b9e4711854d7f7e6b908a185.jpg_50x50.jpg, //sc01.alicdn.com/kf/Hbe9fd84daea749b18c36fbb6ec4beb73S.jpg_50x50.jpg",https://fscalla.en.alibaba.com/product/62426160765-820627505/Nordic_Simple_Double_surface_201_Stainless_Steel_Round_shape_living_room_table_sets.html,CT-5
5,Creative Gold Round marble top iron legs modern coffee table,"100*45CM, 50*40CM",$60.00 - $105.00,"//sc01.alicdn.com/kf/H7403d90640314b7caf696493a3bdfb73r.jpg_50x50.jpg, //sc01.alicdn.com/kf/H70ef28432a9a44afabaa2c2ab09933d6w.jpg_50x50.jpg, //sc02.alicdn.com/kf/H556504246d5349e1a6eeb7116da6a25aA.jpg_50x50.jpg, //sc01.alicdn.com/kf/H6c8addf4ef8b47469000f3e39c1a6483d.jpg_50x50.jpg, //sc02.alicdn.com/kf/Hbbca416fbc74483abb19604a6a7c870bA.jpg_50x50.jpg",https://fscalla.en.alibaba.com/product/62493943887-820627505/Creative_Gold_Round_marble_top_iron_legs_modern_coffee_table.html,CT-6
6,Round Marble Top Coffee Table  industrial iron metal center tea table set for living room,"D50*H55CM, D50*H45CM, D90*H38CM",$60.00 - $100.00,"https://img.alicdn.com/imgextra/i3/6000000005996/O1CN01Iw8euo1uADOhsyTPG_!!6000000005996-0-tbvideo.jpg, //sc01.alicdn.com/kf/H9ccd21aa724647798d6afa2241193a34o.jpg_50x50.jpg, //sc01.alicdn.com/kf/H9457b21400d6447490925bf5e3dbb2aen.jpg_50x50.jpg, //sc02.alicdn.com/kf/Hc887e3985384474e8b92cc143e21954cz.jpg_50x50.jpg, //sc01.alicdn.com/kf/H41c657797c6b490888e78e0e26f05e44n.jpg_50x50.jpg, //sc01.alicdn.com/kf/Hb69f377c5adf4186a31d68b11f0b06459.jpg_50x50.jpg, //sc02.alicdn.com/kf/H5641cc64a624464eafc6797f03d46cd0x.jpg_50x50.jpg",https://fscalla.en.alibaba.com/product/62505454288-820627505/Round_Marble_Top_Coffee_Table_industrial_iron_metal_center_tea_table_set_for_living_room.html,CT-7
7,Nordic Simple Metal Iron artifical Marble Double surface round coffee Table for Living Room Furniture,"80*45, 60*40",$55.00 - $90.00,"https://img.alicdn.com/imgextra/i3/6000000002286/O1CN01Iox9hm1Sl1zMSPFJN_!!6000000002286-0-tbvideo.jpg, //sc02.alicdn.com/kf/H2158cdaa9f8d48199886e896fca9900dS.jpg_50x50.jpg, //sc02.alicdn.com/kf/H2cbcd24513944fb0adaa500cc5bb4988u.jpg_50x50.jpg, //sc01.alicdn.com/kf/H79096a7c7e214ef2bce0e2fa3fed69441.jpg_50x50.jpg, //sc01.alicdn.com/kf/H7fd23a897f0c41efb472477b692b34efu.jpg_50x50.jpg, //sc02.alicdn.com/kf/Hd5c83fe1c4d740a9b287a0c24da0f08eo.jpg_50x50.jpg, //sc01.alicdn.com/kf/H123b35c53a10437d96b6a3df5c9b435eH.jpg_50x50.jpg",https://fscalla.en.alibaba.com/product/62426146314-820627505/Nordic_Simple_Metal_Iron_artifical_Marble_Double_surface_round_coffee_Table_for_Living_Room_Furniture.html,CT-8
8,Luxury modern design stainless steel whirling round stone top coffee table tea table furniture,D80*D55*H43cm,$145.00 - $155.00,"https://sc01.alicdn.com/kf/He86e76bf465f474fbb89cdf787ffb74dh.jpg, //sc01.alicdn.com/kf/H58de37cf2cfb43cbb21a537819aa3955Q.jpg_50x50.jpg, //sc01.alicdn.com/kf/Habec22f42a34453e85111ea8c1e5d310M.jpg_50x50.jpg, //sc01.alicdn.com/kf/Hf06bd637ea5548c981edc1e818bcff08Q.jpg_50x50.jpg, //sc01.alicdn.com/kf/H27366cb0c9104331866ed473651b93ae5.jpg_50x50.jpg, //sc02.alicdn.com/kf/H3f8b582368af41a7bb8d7126d3b585dcb.jpg_50x50.jpg, //sc02.alicdn.com/kf/Hb4fe03a7b94349759bea2bc98aa14371h.jpg_50x50.jpg",https://fscalla.en.alibaba.com/product/1600104576689-820627505/Luxury_modern_design_stainless_steel_whirling_round_stone_top_coffee_table_tea_table_furniture.html,CT-9
9,Living room nordic marble tea table Iron coffee tables,"130*70*40, 120*60*40",$110.00 - $125.00,"//sc02.alicdn.com/kf/H3031d558aba54b12ab67d5dcb6f7733aW.jpg_50x50.jpg, //sc01.alicdn.com/kf/Hece2c769a9254a058b87a0a219fc6d23h.jpg_50x50.jpg, //sc01.alicdn.com/kf/Ha047acd5e001426da36d0b3946b1d33dK.jpg_50x50.jpg, //sc01.alicdn.com/kf/He0b322c1185a48e0b9bcab662e116bf6s.jpg_50x50.jpg, //sc01.alicdn.com/kf/H8fb07eaf0b5a4a91b3ee95ef43f2435fX.jpg_50x50.jpg, //sc01.alicdn.com/kf/He7f44a7e8edb4b52878c0b8cc5397d82b.jpg_50x50.jpg",https://fscalla.en.alibaba.com/product/62410752529-820627505/Living_room_nordic_marble_tea_table_Iron_coffee_tables.html,CT-10
10,Modern round marble top coffee table,"70*60*30CM, 90*80*30CM","1 - 9 Pieces, $250.00, 10 - 99 Pieces, $220.00, >=100 Pieces, $200.00","//sc01.alicdn.com/kf/H6aa1554c09174319bd248aa3e6a8c487p.jpg_50x50.jpg, //sc01.alicdn.com/kf/H0c5adfef655d4370bd3ef17c49c19dbec.jpg_50x50.jpg, //sc01.alicdn.com/kf/He0e51f8e03bc44f4bd6a9348dcd15e23B.jpg_50x50.jpg, //sc01.alicdn.com/kf/H25cf9550e67546ac83b45cd7a86c9e30r.jpg_50x50.jpg, //sc01.alicdn.com/kf/H62edb24fa0334333a33e960ee22af1b2M.jpg_50x50.jpg",https://fscalla.en.alibaba.com/product/1600118100293-820627505/Modern_round_marble_top_coffee_table.html,CT-11
11,Modern coffee table metal stainless steel base tea table with drawer,130*100*40CM,"1 - 9 Pieces, $270.00, 10 - 99 Pieces, $265.00, >=100 Pieces, $260.00","//sc02.alicdn.com/kf/Ha695d78a655f4716996b2fd6eb83a38bZ.jpg_50x50.jpg, //sc01.alicdn.com/kf/Hd6f97b0c95ba4395b0edbbf107c2acc3F.jpg_50x50.jpg, //sc02.alicdn.com/kf/Hac0f1239cc824474baf6c279697b0e50u.jpg_50x50.jpg, //sc01.alicdn.com/kf/Hf2e2051bfa16430eb30dd6f2ec0a91e1I.jpg_50x50.jpg, //sc01.alicdn.com/kf/Hbedd3c5cc02d495786ca6d70c861f016Q.jpg_50x50.jpg",https://fscalla.en.alibaba.com/product/1600158049272-820627505/Modern_coffee_table_metal_stainless_steel_base_tea_table_with_drawer.html,CT-12
12,Factory custom marble circle coffee table for hotel restaurant apartment,"70*60*38CM, 90*80*38CM","1 - 9 Pieces, $250.00, 10 - 99 Pieces, $220.00, >=100 Pieces, $200.00","//sc02.alicdn.com/kf/Hbfe799481f5d415d8a11a3b65de19a03i.jpg_50x50.jpg, //sc02.alicdn.com/kf/H4a89baef7edd4303a5cd11192131759c5.jpg_50x50.jpg, //sc01.alicdn.com/kf/H5e25e4642db1405db711cd274366abfbQ.jpg_50x50.jpg, //sc01.alicdn.com/kf/H5c00fff7403946eb81efef6496c11de2E.jpg_50x50.jpg, //sc01.alicdn.com/kf/Hab7e9ebbc77d41b4a62f9f61716a79d10.jpg_50x50.jpg",https://fscalla.en.alibaba.com/product/1600118122495-820627505/Factory_custom_marble_circle_coffee_table_for_hotel_restaurant_apartment.html,CT-13
