0,Modern luxury marble dinning table set with metal frame dinning room furniture,"180*90*75CM, 220*100*75CM",$380.00 - $450.00,"https://sc01.alicdn.com/kf/H5d4af2c9106e4b769b9a4ffd46812936B.jpg, //sc01.alicdn.com/kf/H43d9746f07114e5994ba96c4f12a19f4D.jpg, //sc02.alicdn.com/kf/H72d652bfe6d94e899e3f8555aa0bf98au.jpg",https://fscalla.en.alibaba.com/product/62501808074-817010597/Modern_luxury_marble_dinning_table_set_with_metal_frame_dinning_room_furniture.html,DT-1
1,Modern Dining Room Furniture Metal Gold frame marble dining table with chairs,"table:102/130/150*75, Chair:62*52*88",$450.00 - $500.00,"//sc01.alicdn.com/kf/He83dfc1978a74aa5b262a484037479f4Y.jpg, //sc01.alicdn.com/kf/H4afea7e0a66c4c73b5ba2e2762d38e03n.jpg, //sc01.alicdn.com/kf/H798f88720d6c41c0a5427a9bd5b8c8c4s.jpg, //sc02.alicdn.com/kf/H7f76c56f5911462dac790ccbfffd58e1U.jpg, //sc01.alicdn.com/kf/Ha0a85f1751d14eeda7d6f35abdf64b7ag.jpg",https://fscalla.en.alibaba.com/product/62474025630-817010597/Modern_Dining_Room_Furniture_Metal_Gold_frame_marble_dining_table_with_chairs.html,DT-2
2,Modern Home Restaurant Wooden table Furniture Dining Room Sets,80*140*75CM,$135.00 - $180.00,"//sc01.alicdn.com/kf/Hd99daeed2e68423aab5ea00b5691f655L.jpg, //sc01.alicdn.com/kf/H5fdf5419441049c684502eb3eb010e01q.jpg, //sc01.alicdn.com/kf/H782c5b6f1fcc4fc68c99d14443cfef70U.jpg, //sc02.alicdn.com/kf/H4f5e35b1e77041989877179b8dead039J.jpg, //sc01.alicdn.com/kf/H4f96966b0f2f4bf78fd1ac07456250a7p.jpg",https://fscalla.en.alibaba.com/product/62472502207-817010597/Modern_Home_Restaurant_Wooden_table_Furniture_Dining_Room_Sets.html,DT-3
3,dining room furniture natural marble top dining table and chair set,L160*W85*H75,$150.00 - $180.00,"//sc01.alicdn.com/kf/Ha661139f1828492e98b6311d086a9c14w.jpg, //sc02.alicdn.com/kf/Ha051bc695c3c441fa64c91c1f93ef0174.jpg, //sc01.alicdn.com/kf/Hc91edc27f0874c649eba36c48c1c399ej.jpg, //sc02.alicdn.com/kf/Hf5446a49298d49df9f08698273cf96470.jpg, //sc02.alicdn.com/kf/H477f1abdb8aa4fb6a8bff03a78c7828ad.jpg",https://fscalla.en.alibaba.com/product/62537587657-817010597/dining_room_furniture_natural_marble_top_dining_table_and_chair_set.html,DT-4
4,Dining room furniture popular high quality luxury marble stainless steel dining table,L160*W85*H75,$300.00 - $320.00,"//sc02.alicdn.com/kf/H1b983798b17645e3ba25501f195367c4y.jpg, //sc01.alicdn.com/kf/H4f7f15c17abd4702adce329c87daf5a5x.jpg, //sc02.alicdn.com/kf/H9e2a7e6e9de941a59a2d45ba374d0c2cM.jpg, //sc01.alicdn.com/kf/H0f69348729fa483da5e7e7899910a625o.jpg",https://fscalla.en.alibaba.com/product/62531227983-817010597/Dining_room_furniture_popular_high_quality_luxury_marble_stainless_steel_dining_table.html,DT-5
5,Nordic fashion marble dining table family living room furniture rectangular dining table chair combination,L160*W85*H75,$300.00 - $350.00,"//sc01.alicdn.com/kf/Hb02bf748b9294d5bac79fb4c4cebb8c9v.jpg, //sc01.alicdn.com/kf/Hfaf3d0843e864312828b89e585918759Z.jpg, //sc02.alicdn.com/kf/Hdeb18ec613774f76a10270c57769aca8A.jpg",https://fscalla.en.alibaba.com/product/62532180627-817010597/Nordic_fashion_marble_dining_table_family_living_room_furniture_rectangular_dining_table_chair_combination.html,DT-6
6,Modern luxury Stainless Steel frame round Marble table and restaurant Dining chair set,"table:130*75, Chair:42*48*103",$290.00 - $330.00,"https://img.alicdn.com/imgextra/i4/6000000005247/O1CN01ybUViJ1odAk0XpxI2_!!6000000005247-0-tbvideo.jpg, //sc02.alicdn.com/kf/Hefcd1debd5704db49a52d62645a4ad179.jpg, //sc02.alicdn.com/kf/Hebe86498045341c493361147fa8d51ccR.jpg, //sc01.alicdn.com/kf/H269f7af07829461a802d5278f6efa94bR.jpg, //sc01.alicdn.com/kf/Haeb6f6366e644dd0a1d966f101015944o.jpg, //sc02.alicdn.com/kf/H81eed773f19142f1b471d4001d2b7272V.jpg, //sc01.alicdn.com/kf/H4e0a34bb1ddb42e58226c6371d448684m.jpg",https://fscalla.en.alibaba.com/product/62474311486-817010597/Modern_luxury_Stainless_Steel_frame_round_Marble_table_and_restaurant_Dining_chair_set.html,DT-7
7,Modern design dining room furniture gold Steel frame 6 chairs and marble dining table set,L160*W85*H75,$90.00 - $550.00,"//sc02.alicdn.com/kf/He5c2642416fb43da8a3daa2f62d0035er.jpg, //sc02.alicdn.com/kf/H87d46d01f4914e069517b62872ae22a6g.jpg, //sc02.alicdn.com/kf/He97fe7fba68044259875ad386e0976a9i.jpg, //sc01.alicdn.com/kf/Hcca661f2cc4d40f4b28dc0d5ed1083bdS.jpg, //sc02.alicdn.com/kf/H23bfee5e14234ec5b8ce1ed58fd992a1n.jpg, //sc02.alicdn.com/kf/H2cce03696c074fcbaf81897d91f3948by.jpg",https://fscalla.en.alibaba.com/product/62532905543-817010597/Modern_design_dining_room_furniture_gold_Steel_frame_6_chairs_and_marble_dining_table_set.html,DT-8
8,Luxury Marble Top Round Dining Table With Rotating Centre for living room Restaurant furniture,"120*78, 130*78, 150*78, 180*78",$230.00 - $270.00,"//sc02.alicdn.com/kf/Hdcf0695e4d014afd85daa327bc15c38fu.jpg, //sc01.alicdn.com/kf/H36979570df534de3a97b68a2943d5703v.jpg, //sc02.alicdn.com/kf/Hb8af2b5a6c914396a1a1b7fc6a63b8c9W.jpg, //sc02.alicdn.com/kf/He0dad9e7d0af4a74912cfefb5d2115708.jpg, //sc02.alicdn.com/kf/H195df7551fc84147a997adefc197bd84q.jpg",https://fscalla.en.alibaba.com/product/62473639910-817010597/Luxury_Marble_Top_Round_Dining_Table_With_Rotating_Centre_for_living_room_Restaurant_furniture.html,DT-9
9,Hot sale modern solid wood dining table set for living room home furniture,80*140*75CM,$135.00 - $180.00,"//sc02.alicdn.com/kf/H01874a368f3c4b9d8dce57d7b07b589eA.jpg, //sc02.alicdn.com/kf/He3574bc8140f4978aa4542efd28d87b6B.jpg, //sc01.alicdn.com/kf/H75ec47d001874041b40d3bab8b6750caE.jpg, //sc01.alicdn.com/kf/Hbc447b8d21e14fb7a489156b71f3bb32E.jpg, //sc02.alicdn.com/kf/H51e8a9639b98426a9a566d28dc30e801E.jpg, //sc02.alicdn.com/kf/H0889b8b645e3454ebcad4d3e9bc470a9F.jpg",https://fscalla.en.alibaba.com/product/62512421280-817010597/Hot_sale_modern_solid_wood_dining_table_set_for_living_room_home_furniture.html,DT-10
10,Luxury 4/6 Chairs Dining Table Set Marble Top round shape Home Hotel Restaurant Dining Table Chairs Sets,"table:102/130/150*75, Chair:62*52*88",$450.00 - $500.00,"//sc01.alicdn.com/kf/H30dbac8ce16b48c19efde45ec51b1230H.jpg, //sc02.alicdn.com/kf/Hccd72c7034d74fbdbcda3f8fe5c55101e.jpg, //sc01.alicdn.com/kf/H71280f3ef042478b89347782682627a0U.jpg, //sc01.alicdn.com/kf/He20d33060f7f40198671c37c79b70434c.jpg, //sc01.alicdn.com/kf/H90328428a7334af283db2c76923d64719.jpg",https://fscalla.en.alibaba.com/product/62556139576-817010597/Luxury_4_6_Chairs_Dining_Table_Set_Marble_Top_round_shape_Home_Hotel_Restaurant_Dining_Table_Chairs_Sets.html,DT-11
11,Luxury round marble stainless steel dining table set 4/6 chairs for home restaurant dining room furniture,"table:130*75, Chair:42*48*103",$290.00 - $330.00,"https://sc02.alicdn.com/kf/Hdd6f87db02b34962990729090193db61H.jpg, //sc01.alicdn.com/kf/H0b8f0d32171a40fb85272dfcb70fe3b6t.jpg, //sc01.alicdn.com/kf/He4784f1209d14c999f23884d705a0503z.jpg, //sc01.alicdn.com/kf/H63f7fae1d3794727b28f3993db7e936fP.jpg, //sc01.alicdn.com/kf/H960b8ab73b57408491d6a20254316905y.jpg, //sc01.alicdn.com/kf/H63cce1d7fbd745e0a361b8c8984e3d64G.jpg",https://fscalla.en.alibaba.com/product/62555964345-817010597/Luxury_round_marble_stainless_steel_dining_table_set_4_6_chairs_for_home_restaurant_dining_room_furniture.html,DT-12
12,Nordic simple Modern marble Dining Table Chair Sets Carbon Steel Living Room Furniture Set,"L140*W80*H75CM, L160*W85*H75CM, L180*W90*H75CM, L200*W100*H75CM, L220*W100*H75CM",$400.00 - $600.00,"//sc02.alicdn.com/kf/H5e503ad78b07400da2fed46c4ce2da17x.jpg, //sc02.alicdn.com/kf/H748c492504df46a2ad6b09956f67badac.jpg, //sc02.alicdn.com/kf/H632b4a1139ba445881a5489d1e75aa50t.jpg, //sc02.alicdn.com/kf/H554b6f70e0f94b41ab2e1c9583feca321.jpg",https://fscalla.en.alibaba.com/product/62555870903-817010597/Nordic_simple_Modern_marble_Dining_Table_Chair_Sets_Carbon_Steel_Living_Room_Furniture_Set.html,DT-13
13,Modern Nordic Design Dining Room Furniture Wood Dining Table Set 6 Chairs For Home Apartment restaurant,L160*W85*H75,$160.00 - $190.00,"//sc02.alicdn.com/kf/H8ef42ff83f624712847baa44e94e75d1V.jpg, //sc01.alicdn.com/kf/Hd8d459131a654c779392049c868d7ef2X.jpg, //sc01.alicdn.com/kf/H00f318cd02e6474c8717710da9745fa0M.jpg, //sc01.alicdn.com/kf/H044e1d4014a24feebb29e0a8ae98afa8c.jpg",https://fscalla.en.alibaba.com/product/62537643006-817010597/Modern_Nordic_Design_Dining_Room_Furniture_Wood_Dining_Table_Set_6_Chairs_For_Home_Apartment_restaurant.html,DT-14
14,Modern wooden Marble Extending Dinning Room table Set Extendable 6/10 Seat Dining Table and Chairs,L160*W85*H75,$280.00 - $640.00,"//sc01.alicdn.com/kf/H31b07d761116489e8527e45aec6bb8c96.jpg, //sc02.alicdn.com/kf/Hfa73f3551c394a959a762a536eb4a937Y.jpg, //sc01.alicdn.com/kf/Hc83e758294774a22957b6c0f872f0261p.jpg, //sc02.alicdn.com/kf/Hae568d4f7d8742019ee44dd8d299786cQ.jpg, //sc02.alicdn.com/kf/Ha03bf6a6e8ad47209cc19c014c3e69c0M.jpg, //sc02.alicdn.com/kf/Hce8eab675ae74b33832c557bd2f815b7D.jpg",https://fscalla.en.alibaba.com/product/62556406093-817010597/Modern_wooden_Marble_Extending_Dinning_Room_table_Set_Extendable_6_10_Seat_Dining_Table_and_Chairs.html,DT-15
15,Nordic Style Marble top Dining Table And Chair Set for Dining Room furniture,"120*60**75CM, 140*65**75CM, 160*70**75CM, 180*75**75CM, 200*80**75CM",$120.00 - $250.00,"//sc01.alicdn.com/kf/H27807d0ec103445da13a334f2bb0e33eQ.jpg, //sc02.alicdn.com/kf/Hd9de770d5fe64e60ae0c376b4d61b67d0.jpg, //sc01.alicdn.com/kf/H078e2018edfd4df0be817237685e0cf4J.jpg, //sc02.alicdn.com/kf/Ha2022f8d44264ba98952967e6a350c03D.jpg, //sc02.alicdn.com/kf/He6f241acafdc47688efd35207f83c378i.jpg",https://fscalla.en.alibaba.com/product/62564374121-817010597/Nordic_Style_Marble_top_Dining_Table_And_Chair_Set_for_Dining_Room_furniture.html,DT-16
16,Modern Luxury Furniture Dining Table Set Chairs marble slab dining table,"120*60**75CM, 140*65**75CM, 160*70**75CM, 180*75**75CM, 200*80**75CM",$100.00 - $250.00,"//sc01.alicdn.com/kf/H01903644b5174ae0893081c959e43f95V.jpg, //sc01.alicdn.com/kf/He8177eeb3c34453191f665bbebc9befbr.jpg, //sc01.alicdn.com/kf/H9b5c32096dc94a96ab6d3befc12f7a5cm.jpg, //sc02.alicdn.com/kf/Ha716e49ef567406a940e3125dc67b0a5s.jpg, //sc01.alicdn.com/kf/Hf849aad4143645608df1c8b83069108bQ.jpg, //sc02.alicdn.com/kf/H0b17725d4b2440daae7cbdaf72a7e0eeR.jpg",https://fscalla.en.alibaba.com/product/62563990108-817010597/Modern_Luxury_Furniture_Dining_Table_Set_Chairs_marble_slab_dining_table.html,DT-17
17,marble top round dining table and chair set for home dining room furniture,"130*130*75CM, 150*150*75CM",$150.00 - $550.00,"https://sc01.alicdn.com/kf/H95b2b34e448c454babd0194cb89cd1afs.jpg, //sc01.alicdn.com/kf/Ha51b7627c25a433498747ab23086055eJ.jpg, //sc01.alicdn.com/kf/H6f9cc93b6ca4439bb9a30b490fa1a80cr.jpg, //sc01.alicdn.com/kf/H7422570d4a604f7ba6810fbb0feb88b7F.jpg, //sc02.alicdn.com/kf/Ha0fa918618a94552855ac9b9d2604840i.jpg, //sc01.alicdn.com/kf/H850dddd07d0f4ecb95cd505411d3c89aB.jpg, //sc02.alicdn.com/kf/Hceb2eaff0eff4af28f65bd534ab9d51eq.jpg",https://fscalla.en.alibaba.com/product/62564484367-817010597/marble_top_round_dining_table_and_chair_set_for_home_dining_room_furniture.html,DT-18
18,Luxury dining room marble top dining table set and 4 chairs metal legs table chairs,140*80*76CM,$150.00 - $550.00,"//sc01.alicdn.com/kf/Hd2398d55ad44428cb3f68d3102a1da27I.jpg, //sc02.alicdn.com/kf/H7de1e8d0597646c4898235a160007593N.jpg, //sc02.alicdn.com/kf/H324e73c20e5346f7811f247a0047675fc.jpg, //sc01.alicdn.com/kf/H7bc88c5003d2492f9a167c73aab847d6A.jpg",https://fscalla.en.alibaba.com/product/62565072771-817010597/Luxury_dining_room_marble_top_dining_table_set_and_4_chairs_metal_legs_table_chairs.html,DT-19
19,Dinning room furniture marble dining table set and 6 chairs for home restaurant hotel cofe,"140*80*76CM, 160*80*76CM, 180*90*76CM, 200*100*76CM",$150.00 - $550.00,"//sc01.alicdn.com/kf/H6dfa01975f8148ebbf776c33c57e55e4z.jpg, //sc02.alicdn.com/kf/H789017dd3d1244c8abffbff8426973b6v.jpg, //sc02.alicdn.com/kf/H7959c778ca904daf960687fab64f16415.jpg, //sc02.alicdn.com/kf/H9c401b5154f94ff38f78222ad24ac50cl.jpg, //sc01.alicdn.com/kf/Hc48d9e5ed40c43d98eeddbecf3e727ba4.jpg",https://fscalla.en.alibaba.com/product/62564633316-817010597/Dinning_room_furniture_marble_dining_table_set_and_6_chairs_for_home_restaurant_hotel_cofe.html,DT-20
20,Luxury marble top square dining table set with metal leg dining room furniture,"140*80*75CM, 160*85*75CM, 180*90*75CM, 200*100*75CM",$330.00 - $500.00,"//sc01.alicdn.com/kf/H145dc02764154192ab4874897eb031c1i.jpg, //sc02.alicdn.com/kf/H7fa4590135534d26af34340cffde7ed2f.jpg, //sc01.alicdn.com/kf/H3867ad572a3f403ea865ffbcd8332184z.jpg, //sc02.alicdn.com/kf/H3afa20db60a546059f3d97b4cf18008bT.jpg, //sc01.alicdn.com/kf/H5f6ab8b511134a62aa343412c5a309b6h.jpg",https://fscalla.en.alibaba.com/product/62567021393-817010597/Luxury_marble_top_square_dining_table_set_with_metal_leg_dining_room_furniture.html,DT-21
21,Luxury design dining table set modern dinner table with chairs marble dining room furniture,"140*80*75CM, 160*85*75CM, 130*80*75CM",$200.00 - $350.00,"//sc01.alicdn.com/kf/H29c3ba81148d46b0822340cb96e093a4V.jpg, //sc01.alicdn.com/kf/Hf33da3ca503441e6a810bc3f7db035a4A.jpg, //sc01.alicdn.com/kf/H1cd80bf52c8645d8b3a4f6a803d1af900.jpg, //sc02.alicdn.com/kf/H88b603bbb9914b6fae75b1f48237b82bI.jpg",https://fscalla.en.alibaba.com/product/62570040696-817010597/Luxury_design_dining_table_set_modern_dinner_table_with_chairs_marble_dining_room_furniture.html,DT-22
22,Dining room furniture Iron Metal  frame Stone Slate Top Extendable Dining Table,120cm*88cm*77cm (extend size 180CM*88CM*77cm),"1 - 9 Pieces, $530.00, 10 - 99 Pieces, $510.00, >=100 Pieces, $500.00","https://img.alicdn.com/imgextra/i2/6000000002577/O1CN01PTTs8r1UuJGDaeGpL_!!6000000002577-0-tbvideo.jpg, //sc01.alicdn.com/kf/H4418af802f6e493da63fa4cbf70f3ff0L.jpg, //sc01.alicdn.com/kf/H98c04f89d9e84db78abc278b296c948bM.jpg, //sc02.alicdn.com/kf/Hf6d26074c5f9429a819db673321727f9v.jpg, //sc01.alicdn.com/kf/H5b9c98556c944c2f8b52fabf3ce0d827k.jpg, //sc02.alicdn.com/kf/Had6ee331b1af4a93bcff5e7d71bd495fD.jpg",https://fscalla.en.alibaba.com/product/62584399606-817010597/Dining_room_furniture_Iron_Metal_frame_Stone_Slate_Top_Extendable_Dining_Table.html,DT-23
23,Modern furniture white ash wood Stone Slate Top dining table set with 4/6 chairs,"120*80*75CM, 130*80*75CM, 140*80*75CM, 160*80*75CM, 180*90*75CM, 200*100*75CM, Chair1:54*48*88CM, Chair2:53*47*79CM",$51.00 - $390.00,"//sc01.alicdn.com/kf/H6e3aacf598494a8eb6e67638a093b10cl.jpg, //sc01.alicdn.com/kf/H8e93692f72fd49d8a7feb87ba0a6d44ee.jpg, //sc02.alicdn.com/kf/Haf43542edcb24cbcbf45e7114593cf5c9.jpg, //sc01.alicdn.com/kf/H6064690c670a4b52826737bc28f3124db.jpg, //sc01.alicdn.com/kf/Hab3b3dfd06644e33936ad2a5b9d57645g.jpg, //sc01.alicdn.com/kf/H15cd40a19f494e5d9eb3cdaa414efaf5i.jpg",https://fscalla.en.alibaba.com/product/62580578409-817010597/Modern_furniture_white_ash_wood_Stone_Slate_Top_dining_table_set_with_4_6_chairs.html,DT-24
24,dining room furniture gold Steel frame 6 chairs dining room chair and table sets furniture,50*48*110,$90.00 - $395.00,"//sc01.alicdn.com/kf/Hd08dc065dc9a41c29b5bc00776e235e23.jpg, //sc01.alicdn.com/kf/H055e99bf03654323be75ac02a298e1cdd.jpg, //sc02.alicdn.com/kf/H3738e23e4dd94d4abc40e5f6aebdeaecN.jpg, //sc01.alicdn.com/kf/H29f560e0fd57407b86364f50aee2fda3k.jpg, //sc02.alicdn.com/kf/H62cda4c18b9c46c78cfae39edd3672793.jpg, //sc02.alicdn.com/kf/H821a5270c5c64514ade3d830fee3459ab.jpg",https://fscalla.en.alibaba.com/product/62471726880-817010597/dining_room_furniture_gold_Steel_frame_6_chairs_dining_room_chair_and_table_sets_furniture.html,DT-25
25,Modern White wood wax dining table and chairs set stainless steel leg tempered glass top,"120*70*75CM, 130*80*75CM, 140*80*75CM, 160*90*75CM",$200.00 - $350.00,"//sc01.alicdn.com/kf/H08394e2e852545cbbef429de7f14f9866.jpg, //sc01.alicdn.com/kf/H65296629fa024d3a9b7ce03e1b27878aK.jpg, //sc01.alicdn.com/kf/H161b4f9238aa442a9f06e5fd2536d420A.jpg, //sc02.alicdn.com/kf/H52530c962c494cec9cf3b018f5fb723fI.jpg",https://fscalla.en.alibaba.com/product/62570954870-817010597/Modern_White_wood_wax_dining_table_and_chairs_set_stainless_steel_leg_tempered_glass_top.html,DT-26
26,Nordic Leisure Wood Cafe Hotel Bar Home Dining Chair for marble table set,47*48*91CM,$45.00 - $50.00,"//sc02.alicdn.com/kf/H9994201bf3c54227a49cbd7b2fc11ae24.jpg, //sc01.alicdn.com/kf/H2d8c4fa03108486989a0130fb734c5c2M.jpg, //sc01.alicdn.com/kf/H20caabd2504c4d2caec9bcf387fe9625G.jpg, //sc01.alicdn.com/kf/H27d7419075794e44b207f876a8a7d083r.jpg, //sc01.alicdn.com/kf/H9bff4982b7a64c11b1f6fb622beec4f5o.jpg, //sc01.alicdn.com/kf/Hdd1bb44be05448eaa38341fb4d9d08d2m.jpg",https://fscalla.en.alibaba.com/product/62564923857-817010597/Nordic_Leisure_Wood_Cafe_Hotel_Bar_Home_Dining_Chair_for_marble_table_set.html,DT-27
27,American Style Indoor Cafe Home Living Dining Room Chair and table set,"Chair:63*52*84, table:60*60*75CM",$55.00 - $115.00,"//sc01.alicdn.com/kf/H33abc2a394b147bea2807eda6f31dbba1.jpg, //sc01.alicdn.com/kf/Hf0d346f72cc947c7950989d8b0f98d73i.jpg, //sc01.alicdn.com/kf/H7c33a9bb759e41629238cddece786a02d.jpg, //sc02.alicdn.com/kf/Hd0abad57cec447069a595030e318763bb.jpg, //sc02.alicdn.com/kf/H6365b8314de64cfba4237b1744fc34d7u.jpg, //sc02.alicdn.com/kf/H8753b11430eb40bdb81469818900bbc0q.jpg",https://fscalla.en.alibaba.com/product/62512543921-817010597/American_Style_Indoor_Cafe_Home_Living_Dining_Room_Chair_and_table_set.html,DT-28
28,hot sale Cafe room modern design velvet party chair and table set,"Chair:50*54*80, table:60*60*75CM",$55.00 - $115.00,"//sc01.alicdn.com/kf/H53362599b3e549be91d9cbd07e1fc96ax.jpg, //sc02.alicdn.com/kf/H559049bfffb34d9db37ec13c1efe63430.jpg, //sc02.alicdn.com/kf/H4e21d5c1312241bd861454d9ac13d470A.jpg, //sc01.alicdn.com/kf/H1f5e2d55ad684538abc38585203fc41b9.jpg, //sc01.alicdn.com/kf/Hfaa9b42786504457b495365a81a260f5g.jpg, //sc01.alicdn.com/kf/Hdae2fed7b2854c58aff62b2dbf478913C.jpg",https://fscalla.en.alibaba.com/product/62512445504-817010597/hot_sale_Cafe_room_modern_design_velvet_party_chair_and_table_set.html,DT-29
29,Luxury Gold Metal frame round marble top marble turntable dinner table for dining room furniture,"130*75CM, 150*75CM",$240.00 - $275.00,"//sc02.alicdn.com/kf/H00b1d0d8ee754697b7161abcf63e91db2.jpg, //sc02.alicdn.com/kf/Ha527295472db4611b55250cbf52e008cr.jpg, //sc01.alicdn.com/kf/H810d586025d34ce188bead036d29e118o.jpg, //sc01.alicdn.com/kf/H315e187c52904b75bb1244c1ee56d53fn.jpg, //sc02.alicdn.com/kf/H2f9629cf2d8c4b0592c3795f7df8f0b0y.jpg, //sc01.alicdn.com/kf/Hac489e1922aa4b8096e0a350dc6f1304h.jpg",https://fscalla.en.alibaba.com/product/1600098098900-817010597/Luxury_Gold_Metal_frame_round_marble_top_marble_turntable_dinner_table_for_dining_room_furniture.html,DT-30
30,Luxury Modern Gold metal frame Marble Dining Table for dining room,"140*80*75CM, 160*90*75CM, 180*90*75CM, 200*100*75CM",$270.00 - $355.00,"//sc01.alicdn.com/kf/Hfead39edec3b400bbdb3aa43a91ab55cg.jpg, //sc01.alicdn.com/kf/Hf6dc0c60e2524502b28951936dce7e87L.jpg, //sc02.alicdn.com/kf/H577152eae16446dfaf9e62f3d928e590t.jpg, //sc01.alicdn.com/kf/H6c2dc866ddcc43a69dcfae1ed422de343.jpg, //sc02.alicdn.com/kf/Hb147411348144700a2ff72d9e19b525a2.jpg, //sc01.alicdn.com/kf/Hcbccfb23ebcc4c1f8a609d49de45a28dL.jpg",https://fscalla.en.alibaba.com/product/1600098117619-817010597/Luxury_Modern_Gold_metal_frame_Marble_Dining_Table_for_dining_room.html,DT-31
31,Luxury stainless steel frame marble dinner table and chairs set modern dining room furniture,"Chair:43*50*95CM, Table:130*80*75CM, Table:140*80*75CM, Table:160*90*75CM",$70.00 - $300.00,"//sc01.alicdn.com/kf/H7acd23c50f3247d3a2d455cc44fc84703.jpg, //sc02.alicdn.com/kf/H5d47698f088f4fc185c392acfda66df5a.jpg, //sc01.alicdn.com/kf/H44c08d477f6f404fb08e9252580ae996g.jpg, //sc01.alicdn.com/kf/Hb92a4a0f0ab84ceca8034d4016b46c15X.jpg, //sc01.alicdn.com/kf/H7c491d1883be46a3a0ba2162e945dc05k.jpg",https://fscalla.en.alibaba.com/product/62512512347-817010597/Luxury_stainless_steel_frame_marble_dinner_table_and_chairs_set_modern_dining_room_furniture.html,DT-32
32,Luxury modern royal round marble dining table with rotating top 6 chairs dining room furniture set,"D120*H78CM, D130*H78CM, D150*H78CM, $, available, $, available","1-9 Pieces, $300.00, 10-99 Pieces, $270.00, >=100 Pieces, $230.00","//sc02.alicdn.com/kf/Hfaad048a00704ba389303c814fed5da8W.jpg, //sc02.alicdn.com/kf/H9d9e6afe746b40cf971370046bfc0170x.jpg, //sc02.alicdn.com/kf/H2921dd9ab9144fb085250a5ce74f76b6w.jpg, //sc02.alicdn.com/kf/H04352b58b69640af89ea7fd2770e2b4dA.jpg, //sc02.alicdn.com/kf/Hac40cfaa963941e6bcc453155eb341abv.jpg",https://www.alibaba.com/product-detail/Luxury-modern-royal-round-marble-dining_62556105920.html,DT-33
33,luxury modern dining room dining table and dining chair sets,"140*80*75CM, 160*80*75CM, 180*90*75CM",$185.00 - $225.00,"//sc01.alicdn.com/kf/Hd7e11249a3124cc9a35f5e159d0e6bb6E.jpg, //sc01.alicdn.com/kf/H7f398d5404c24895a8d72ed05521fe0fY.jpg, //sc01.alicdn.com/kf/He4df0de7d7bb49ba914c6a08f9f82f7fo.jpg, //sc01.alicdn.com/kf/H9b787f74ab4b471eaf369941ad9d1217s.jpg, //sc01.alicdn.com/kf/Hac07861cdd8649678a4bae76c9d3cc69b.jpg, //sc01.alicdn.com/kf/H3e55854474f045979d757787095f9446M.jpg",https://fscalla.en.alibaba.com/product/1600100196921-817010597/luxury_modern_dining_room_dining_table_and_dining_chair_sets.html,DT-34
34,Luxury Modern Appearance stainless steel marble top dining table for home furniture,"130*130cm+turntable, 150*150cm+turntable",$280.00 - $310.00,"https://sc02.alicdn.com/kf/Hc5ef63284d744f69bfab7db170fa4a2cX.jpg, //sc01.alicdn.com/kf/H5c7e7cf8724e4e2c9e41d2b6564c07ebe.jpg, //sc01.alicdn.com/kf/Hddb4546d16ac46188772b8df845b00e4z.jpg, //sc02.alicdn.com/kf/H95ca9c3ecade4f749eabec867feff6de6.jpg, //sc01.alicdn.com/kf/Hc2c477b764f440f5824ee0ad86880050P.jpg, //sc01.alicdn.com/kf/H5c3d38545b5f4c01973269e8a8b06477d.jpg, //sc01.alicdn.com/kf/Hfcfa372903934735bc5fa329c1b0a12eS.jpg",https://fscalla.en.alibaba.com/product/1600102339200-817010597/Luxury_Modern_Appearance_stainless_steel_marble_top_dining_table_for_home_furniture.html,DT-35
35,dining room furniture marble or stone dining tables and chairs set for events,"140*80, 160*90, 180*90",$280.00 - $310.00,"//sc02.alicdn.com/kf/H1ae19998977f46339700adbce148769ed.jpg, //sc01.alicdn.com/kf/H84378ff8060040fea438fc9d3865ce45P.jpg, //sc01.alicdn.com/kf/H1fa518b750204951a5f9d7395bd64377k.jpg, //sc02.alicdn.com/kf/He2543e8daa8a4cefa3c8dbdf3841be012.jpg, //sc01.alicdn.com/kf/H23feedbf422f4c199ba21e65a51fc4bef.jpg, //sc02.alicdn.com/kf/H643a5f79c2da4c89bea84a5c890b55099.jpg",https://fscalla.en.alibaba.com/product/1600102767244-817010597/dining_room_furniture_marble_or_stone_dining_tables_and_chairs_set_for_events.html,DT-36
36,Luxury dining room furniture functional stretch table designs stone extendable dining table,"140cm extend 200cm, 160cm extend 240cm",$375.00 - $385.00,"//sc02.alicdn.com/kf/H72b3a51283f94d229e5e54178fc7ab09M.jpg, //sc01.alicdn.com/kf/H11cc188de8f8494195538dccee52d7acj.jpg, //sc02.alicdn.com/kf/He20c810762a146baad86a6a0a8e382b0N.jpg, //sc01.alicdn.com/kf/Ha7f407dd162b42f09a1d6c94c0b22f301.jpg, //sc02.alicdn.com/kf/H1aaff87b15134079b741d25e8fa9f532w.jpg",https://fscalla.en.alibaba.com/product/1600105524129-817010597/Luxury_dining_room_furniture_functional_stretch_table_designs_stone_extendable_dining_table.html,DT-37
37,Modern Apartment Dining Extendable Rectangle Dining Table furniture,120 extend 150CM,$130.00 - $135.00,"//sc01.alicdn.com/kf/H252e991d0bce45378271886147fdc440k.jpg, //sc02.alicdn.com/kf/H511fe3ac0169475fa3035f28e0767f2er.jpg, //sc01.alicdn.com/kf/H6ff7baabce3349d99da50e825058e78dU.jpg, //sc01.alicdn.com/kf/Hd2b3181e1a374983baf18ee4ff7831f3H.jpg, //sc02.alicdn.com/kf/H0b98f62516704632bffa19ed1b90dcf7k.jpg, //sc02.alicdn.com/kf/Hca15ea0208cd4f8b940eb326aee2e0d2f.jpg",https://fscalla.en.alibaba.com/product/1600105445947-817010597/Modern_Apartment_Dining_Extendable_Rectangle_Dining_Table_furniture.html,DT-38
38,Modern dining room furniture stone top extendable dining table with carbon steel leg,"140cm extend 200cm, 160cm extend 240cm",$375.00 - $385.00,"//sc01.alicdn.com/kf/H9853ea208ed64766b78c38d30bb19140R.jpg, //sc02.alicdn.com/kf/H733bf5d735c34d01818696f946d7bdb6P.jpg, //sc01.alicdn.com/kf/H960a39d5f1ee4e31aed9f9699e6f0841p.jpg, //sc02.alicdn.com/kf/H83d658d35c73430e8bdb72e74597b519h.jpg, //sc01.alicdn.com/kf/H06b480e349eb4c09929991b15bb1b4c8V.jpg, //sc02.alicdn.com/kf/Hc995238fc46d40bebe30833a16ac80e2E.jpg",https://fscalla.en.alibaba.com/product/1600106428845-817010597/Modern_dining_room_furniture_stone_top_extendable_dining_table_with_carbon_steel_leg.html,DT-39
39,Modern black metal steel leg extendable round console dining table furniture,"135cm round exteand 135*0.9cm, 150cm round exteand 150*0.9cm",$390.00 - $400.00,"//sc02.alicdn.com/kf/H2d58ace3f918410b9e16d488f11a39acj.jpg, //sc01.alicdn.com/kf/Hd0d283e2c318449a9819e381534622e29.jpg, //sc01.alicdn.com/kf/Hbdce49d2e943435bb9cda09d5e8b8f67N.jpg, //sc02.alicdn.com/kf/H9b26c47d5f284c7c82fa2998a68ef474O.jpg, //sc02.alicdn.com/kf/He74e8220da6049858d0480e5267e0776m.jpg, //sc01.alicdn.com/kf/Ha3359bdc5b614f4598787613f2fae3f8t.jpg",https://fscalla.en.alibaba.com/product/1600106512014-817010597/Modern_black_metal_steel_leg_extendable_round_console_dining_table_furniture.html,DT-40
40,Modern Extending round Dinning Room Set Extendable 6/8 Seat Dining Table and Chairs Adjust to square table,"135cm round exteand 135*0.9cm, 150cm round exteand 150*0.9cm",$390.00 - $400.00,"//sc01.alicdn.com/kf/Ha77808b34284411db714a95c2bfd51680.jpg, //sc01.alicdn.com/kf/H6c960416fc6e4a8ebc8d68517edf4913z.jpg, //sc01.alicdn.com/kf/Hf43a36523c3f47e6a615727c8574991ab.jpg, //sc01.alicdn.com/kf/H8e8ba0d8e02c45419eca533976030037M.jpg",https://fscalla.en.alibaba.com/product/1600106779864-817010597/Modern_Extending_round_Dinning_Room_Set_Extendable_6_8_Seat_Dining_Table_and_Chairs_Adjust_to_square_table.html,DT-41
41,Luxury Stylish gold dining table sets stainless steel dinning table for dining room,"140*90*76cm, 160*90*76cm, 180*100*76cm, 200*100*76cm, Color",$225.00 - $280.00,"//sc01.alicdn.com/kf/Hedd06442a4224554953dc399a647edb8M.jpg, //sc01.alicdn.com/kf/H466f1edb85ff4939a675a9ac181a1b2b4.jpg, //sc02.alicdn.com/kf/Had3c2f87c0364eb18b487daf6b9043fdM.jpg, //sc01.alicdn.com/kf/H9d8dba8c89144fb8b4e17cadc5c684a6K.jpg",https://fscalla.en.alibaba.com/product/1600110644622-817010597/Luxury_Stylish_gold_dining_table_sets_stainless_steel_dinning_table_for_dining_room.html,DT-42
42,modern style marble dining table,"140*80*75cm, 160*90*75cm, 180*90*75cm, 130*80*75cm, Color",$210.00 - $245.00,"//sc01.alicdn.com/kf/Ha4909556c19c4ebc87eff88f57ddf707z.jpg, //sc02.alicdn.com/kf/H11d0885bbdd04c398fa04ec165a000634.jpg, //sc01.alicdn.com/kf/H261be8bb7ae3459092feb8f55238d683s.jpg, //sc02.alicdn.com/kf/H0778ce205175415d9a059aedf111b87er.jpg, //sc02.alicdn.com/kf/H21af6fe778ef4d54af3902714e59ea48x.jpg, //sc02.alicdn.com/kf/He4243e6801f740f4ae5cd189c465e891Y.jpg",https://fscalla.en.alibaba.com/product/1600112275481-817010597/modern_style_marble_dining_table.html,DT-43
43,Carbon steel frame stone dining table furniture,"140*80*75cm, 160*90*75cm, 180*90*75cm, 130*80*75cm, Color",$210.00 - $245.00,"//sc02.alicdn.com/kf/Hbea28ce68f194af5a2f975b3243409cd5.jpg, //sc02.alicdn.com/kf/H80b880c43b134ee297f41c19302a582eM.jpg, //sc01.alicdn.com/kf/H8c8b22fe3f9a4586a143c46eacaa7d4dA.jpg, //sc01.alicdn.com/kf/Hab5b6a421d7248418978ca7f79c0c7862.jpg, //sc02.alicdn.com/kf/H4acaeef14c6144cbbc470cb2c37420b33.jpg, //sc02.alicdn.com/kf/Hd1fd8a60a7af4410b25f4a40c2d20de5b.jpg",https://fscalla.en.alibaba.com/product/1600112254707-817010597/Carbon_steel_frame_stone_dining_table_furniture.html,DT-44
44,Nordic style dining room furniture marble dining table or stone top metal leg table,"140*80*75CM, 160*90*75CM, 180*90*75CM",$200.00 - $250.00,"//sc02.alicdn.com/kf/Hef829603854144bea3c83129480f2e21E.jpg, //sc01.alicdn.com/kf/Hb02682834e834784913cf8554dbcb26aT.jpg, //sc01.alicdn.com/kf/Hb7a68040e1cf4cdc893fb8873bf332f0U.jpg, //sc02.alicdn.com/kf/H700c58dbd9a6492295199e558573bed9b.jpg, //sc01.alicdn.com/kf/Hfbb79b86a3c54486b84900780a0c1195P.jpg, //sc02.alicdn.com/kf/H918d778a7ed441d2ad2a65ceabf68b516.jpg",https://fscalla.en.alibaba.com/product/1600113833283-817010597/Nordic_style_dining_room_furniture_marble_dining_table_or_stone_top_metal_leg_table.html,DT-45
45,Modern design adjustable height dining table or coffee table desk,130*70*40-75CM,$320.00 - $350.00,"//sc02.alicdn.com/kf/H44e84b4ded14420dbd1765b4e58789187.jpg, //sc02.alicdn.com/kf/H3ec9e08af607415484409018780ebe2fR.jpg, //sc01.alicdn.com/kf/H34a89206cac64134902647eeb8800aa9N.jpg, //sc02.alicdn.com/kf/Hf38eed3e63e842dbb27539eb3caae29d9.jpg, //sc02.alicdn.com/kf/H92d5afbceddf4acb8dae191a41f0c1afF.jpg, //sc01.alicdn.com/kf/H7bac581c799b48a88d0d2cd375941281Z.jpg",https://fscalla.en.alibaba.com/product/1600113436110-817010597/Modern_design_adjustable_height_dining_table_or_coffee_table_desk.html,DT-46
46,Modern home furniture wooden extendable dining table,"120cm extend 150cm, 130cm extend 160cm, 150cm extend 180cm",$260.00 - $300.00,"//sc02.alicdn.com/kf/H700c30c3185c4aec99a43b365cd620bd2.jpg, //sc01.alicdn.com/kf/Hee3931314c3e4555b4e14ddcd4479784M.jpg, //sc01.alicdn.com/kf/He7375c3cefb947228ab09991705b3cdcd.jpg, //sc02.alicdn.com/kf/H744e4582ea8d4fc5a9c4ba08cdf6920e0.jpg, //sc01.alicdn.com/kf/H37213efedcad444ba040bc0c5aa752e0S.jpg, //sc01.alicdn.com/kf/H13e27d37dfbc409e9715a6d402f00d8cF.jpg",https://fscalla.en.alibaba.com/product/1600112710305-817010597/Modern_home_furniture_wooden_extendable_dining_table.html,DT-47
47,modern round dining table carbon steel stone top dining room table furniture with Turntable,"130*130+turntable, 150*150+turntable",$400.00 - $450.00,"//sc01.alicdn.com/kf/Hd363888a721e4351b87925bc79fb45b8h.jpg, //sc02.alicdn.com/kf/Hdc51f469c4a64b28bc256516d0aaa750S.jpg, //sc01.alicdn.com/kf/Hc705d355b1144087ab73b1f6be07f0ebP.jpg, //sc01.alicdn.com/kf/H12f496f1eb6b49028bfd5824b50c0757V.jpg, //sc02.alicdn.com/kf/Hc05585fc98d34594be43bcc6c211f12fi.jpg, //sc02.alicdn.com/kf/H835bf9847c454e89a9ae3d1f56650d0aV.jpg",https://fscalla.en.alibaba.com/product/1600115427585-817010597/modern_round_dining_table_carbon_steel_stone_top_dining_room_table_furniture_with_Turntable.html,DT-48
48,luxury marble top dining table with black sand carbon steel base dining room furniture,"140*80*75cm, 160*90*75cm, 180*90*75cm",$210.00 - $245.00,"//sc01.alicdn.com/kf/H0460784d9c2d43019593858306f8529fF.jpg, //sc01.alicdn.com/kf/H8af064c45ed04718a665aebeee00f2607.jpg, //sc02.alicdn.com/kf/H0aa18dc7396a4bd79b7a01053b258d8eD.jpg, //sc01.alicdn.com/kf/H4e7e385f3378426a8ba0e0e7e7f76761R.jpg, //sc02.alicdn.com/kf/He22c70b7a22e447e88339c96589ca5a27.jpg, //sc01.alicdn.com/kf/H27ae95c18be64fed8509cb03997f347fo.jpg",https://fscalla.en.alibaba.com/product/1600115306311-817010597/luxury_marble_top_dining_table_with_black_sand_carbon_steel_base_dining_room_furniture.html,DT-49
49,solid wooden frame marble top round dining table with turntable,"130*130+turntable, 150*150+turntable, 180*180+turntable",$230.00 - $270.00,"//sc01.alicdn.com/kf/H0c96ebb61926431fa8fce04b25a2a35dL.jpg, //sc01.alicdn.com/kf/H2e5002a297034452a6327cfd9d5aa9e1w.jpg, //sc01.alicdn.com/kf/H4c392e60ade7432ba0c95d8850634649Q.jpg, //sc02.alicdn.com/kf/H3687a0716bd04198b4bed01ad841036du.jpg, //sc01.alicdn.com/kf/H207325377e6542c1b316da406761c483a.jpg",https://fscalla.en.alibaba.com/product/1600116352085-817010597/solid_wooden_frame_marble_top_round_dining_table_with_turntable.html,DT-50
50,luxury dining room banquet rotating round table with stainless steel frame marble top table furniture,"130*130+turntable, 150*150+turntable",$250.00 - $300.00,"//sc02.alicdn.com/kf/H1cc1f52f71394696a0be9066da9ee0fbU.jpg, //sc01.alicdn.com/kf/Hb5264a845f27465984f42cb8332ca130D.jpg, //sc01.alicdn.com/kf/Hfa920e3b04bd4a14b4874891c5c384d8a.jpg, //sc02.alicdn.com/kf/H17d8c11a4dae4d93af925a241a113be0m.jpg, //sc01.alicdn.com/kf/H5db20eeda1864e5d89db79b9429add02Z.jpg, //sc02.alicdn.com/kf/Hf00020ced5e54c2caac68ca2dea11cceI.jpg",https://fscalla.en.alibaba.com/product/1600116329403-817010597/luxury_dining_room_banquet_rotating_round_table_with_stainless_steel_frame_marble_top_table_furniture.html,DT-51
51,Luxury modern dining room Marble Countertops Stainless Steel Table,"140*80*75cm, 150*90*75cm, 180*90*75cm, 200*100*75cm",$260.00 - $320.00,"//sc01.alicdn.com/kf/H17d26a49c3cd4a7f864359375321f4cdM.jpg, //sc01.alicdn.com/kf/H3b88776a7e0a4bd9b3ffd1b873d0499fH.jpg, //sc01.alicdn.com/kf/H1dd3215fb099470f82eec5c94ec10c53e.jpg, //sc02.alicdn.com/kf/H534b767439124d0a9f2f4d7157bb760dP.jpg, //sc02.alicdn.com/kf/H4c284cfd569d4ef0b4996d2ca54e8ee44.jpg",https://fscalla.en.alibaba.com/product/1600117175000-817010597/Luxury_modern_dining_room_Marble_Countertops_Stainless_Steel_Table.html,DT-52
52,Luxury Modern silver Dining Table with stainless steel frame dining room furniture,"140*80*75cm, 150*90*75cm, 180*90*75cm, 200*100*75cm",$260.00 - $320.00,"//sc01.alicdn.com/kf/H9b4608bb74504dd49e00cf01644b2cb3g.jpg, //sc02.alicdn.com/kf/H286191467ff3407b83ded0aab16c4a589.jpg, //sc01.alicdn.com/kf/H963df0d44e3f44b494b56db0c14cfbfeA.jpg, //sc01.alicdn.com/kf/H5f505c11335347889a055acfa53565de1.jpg, //sc01.alicdn.com/kf/H5e3e6f04557d4fe1ac7dacc1f9c867f5K.jpg",https://fscalla.en.alibaba.com/product/1700002602953-817010597/Luxury_Modern_silver_Dining_Table_with_stainless_steel_frame_dining_room_furniture.html,DT-53
53,Luxury silver marble top stainless steel frame dining table furniture,"130*70*75cm, 140*80*75cm, 150*90*75cm",$180.00 - $250.00,"//sc02.alicdn.com/kf/H56f00191febd44c3b62d9eff12ddaf17v.jpg, //sc01.alicdn.com/kf/H94cbac8ab4b34297849b2ab33ceb68a9M.jpg, //sc01.alicdn.com/kf/H2f645cab5fda4340befd1e10994af1a9l.jpg, //sc02.alicdn.com/kf/H803527bb9e044a54aafc4235bd7bc2e8N.jpg, //sc01.alicdn.com/kf/H66e7b114951240558b8a55f4cc3d0c356.jpg",https://fscalla.en.alibaba.com/product/1600117185872-817010597/Luxury_silver_marble_top_stainless_steel_frame_dining_table_furniture.html,DT-54
54,Luxury design Metal frame Marbale Dining table set for dining room furniture,"130*70*78cm, 140*80*78cm, 150*90*78cm, 120*70*78cm, 180*90*78cm, 200*100*78cm",$200.00 - $280.00,"//sc01.alicdn.com/kf/Hc004206b4dcb495ebcc1b6a31fcf17d5e.jpg, //sc01.alicdn.com/kf/Hf652023d54464245b3030531ced9193dF.jpg, //sc02.alicdn.com/kf/H7bbb6d1cbfeb41a6a89c5a8b3dca33e0n.jpg, //sc01.alicdn.com/kf/H6ff6ed0e5e334931bd3c32195cd1245dG.jpg, //sc01.alicdn.com/kf/H311a0e8a91a8489c91d3574f067d8e98g.jpg, //sc01.alicdn.com/kf/H7cb2ffeba4d24f689a0d26c3e32fb7f2I.jpg",https://fscalla.en.alibaba.com/product/1600117390166-817010597/Luxury_design_Metal_frame_Marbale_Dining_table_set_for_dining_room_furniture.html,DT-55
55,Luxury design silver Round Marble Dinning Table Set for dining room furniture,"120*120+turntable, 130*130+turntable",$250.00 - $300.00,"//sc02.alicdn.com/kf/He2f4ddd408064a1a8080ba0c0c528f11K.jpg, //sc01.alicdn.com/kf/Hcb011b24bab34d3eba73b75ffee24040T.jpg, //sc01.alicdn.com/kf/H98a49e4d9210457db8ed4ac1a789cc8cj.jpg, //sc01.alicdn.com/kf/Hb04fa578726745bdb3780bc2e346bd7ci.jpg, //sc02.alicdn.com/kf/H6e935035efcd4a13a6ae25636dada950Y.jpg",https://fscalla.en.alibaba.com/product/1600117425458-817010597/Luxury_design_silver_Round_Marble_Dinning_Table_Set_for_dining_room_furniture.html,DT-56
56,Luxury stainless steel round gold dining table with marble top for dining room furniture,"120*120+turntable, 130*130+turntable, 140*140+turntable, 150*150+turntable",$250.00 - $300.00,"//sc01.alicdn.com/kf/Hbfb2bc53f75f4d13ade749ee733d6ef19.jpg, //sc01.alicdn.com/kf/H31bf2833ff894b32b5a49b30962c759e6.jpg, //sc02.alicdn.com/kf/He996a537cbfe44308c8d6b94c8b1199aA.jpg, //sc01.alicdn.com/kf/Ha1e961c4f5064ea58b1452ccfa439ae8O.jpg, //sc02.alicdn.com/kf/H53af984ef3824a52a31855a68d92b6d6Z.jpg, //sc01.alicdn.com/kf/Hd96a861cdc9d461f9b441d55009656a2M.jpg",https://fscalla.en.alibaba.com/product/1600117691259-817010597/Luxury_stainless_steel_round_gold_dining_table_with_marble_top_for_dining_room_furniture.html,DT-57
57,Modern Marble Top Dining Room Table Stainless Steel Dining Room Table,"140*80*75cm, 160*90*75cm, 180*90*75cm",$170.00 - $200.00,"//sc02.alicdn.com/kf/Hfdc8db65164948d9aad6ae6c5696ac915.jpg, //sc01.alicdn.com/kf/H84bb999c415849998321673071ff959ag.jpg, //sc02.alicdn.com/kf/H15b422ff1995476d92104c9c7a423bfft.jpg, //sc02.alicdn.com/kf/H9d005e2822564dd8b623435bc8bcdf11b.jpg",https://fscalla.en.alibaba.com/product/1600164287573-817010597/Modern_Marble_Top_Dining_Room_Table_Stainless_Steel_Dining_Room_Table.html,DT-58
58,Modern Solid wood frame Marble Round Table with Turntable,"120*120+turntable, 130*130+turntable, 140*140+turntable, 150*150+turntable",$250.00 - $300.00,"//sc01.alicdn.com/kf/H0097edb8f9234f05bf8eb7afa80be7b4q.jpg, //sc02.alicdn.com/kf/H5249b3a18c1f4bcb84581b4a30fba42eC.jpg, //sc02.alicdn.com/kf/H7948d9a432684f169b6f2511287f0a7c9.jpg, //sc02.alicdn.com/kf/H365fa6a69b91415c917c2ecad71d9d69a.jpg, //sc02.alicdn.com/kf/Hcb30bee4a4344396b630a1d0f538b0b7Y.jpg, //sc01.alicdn.com/kf/Hd9932100ae374a1c850468ca198c0f0au.jpg",https://fscalla.en.alibaba.com/product/1600117840987-817010597/Modern_Solid_wood_frame_Marble_Round_Table_with_Turntable.html,DT-59
