0,Dining Room furniture Dining table Set leather Dining Chairs,46*47*87cm,$45.00 - $50.00,"//sc02.alicdn.com/kf/H69b8e2cd5b314a97b6b3b5597299cd36W.jpg, //sc02.alicdn.com/kf/H7b7a125dd84e4065b546e511fae424bd5.jpg, //sc01.alicdn.com/kf/Hde7f57ee6249486fafd1300a9809ea329.jpg, //sc02.alicdn.com/kf/H35481438114b4e30a0bf3fffecb2b585T.jpg, //sc02.alicdn.com/kf/H8f58efaadf9745e88bbe15e832cf5df8N.jpg, //sc01.alicdn.com/kf/H11a13bb12a794344bed7a93131dc2d17S.jpg",https://fscalla.en.alibaba.com/product/62564659582-820951616/Dining_Room_furniture_Dining_table_Set_leather_Dining_Chairs.html,DC-1
1,2020 modern design velvet metal armchair negotiation chair dining chairs in dining room living room,40*43*83cm,$45.00 - $50.00,"//sc01.alicdn.com/kf/H067565d82bf6466fb94d69e3cea7651dN.jpg, //sc02.alicdn.com/kf/Hd1ce801cfa0444ca85cbceaeae618165U.jpg, //sc01.alicdn.com/kf/H7f60f041a08a4e62afa8f6612f210687m.jpg, //sc02.alicdn.com/kf/H7d31e8ae838248bebbddf338f6082b25D.jpg, //sc01.alicdn.com/kf/H33dee48ce3eb44769bce0e0a0a7be229u.jpg, //sc02.alicdn.com/kf/H6f2166d44e7542cd80f34494fd7ae3baJ.jpg",https://fscalla.en.alibaba.com/product/62564563904-820951616/2020_modern_design_velvet_metal_armchair_negotiation_chair_dining_chairs_in_dining_room_living_room.html,DC-2
2,Nordic Modern Dining Chair PU Leather Price For Sale Dining room furniture,"47*56*70CM, 56*56*70CM",$50.00 - $55.00,"//sc02.alicdn.com/kf/H53bca9d0a1554559ae22be16f1d6a59eZ.jpg, //sc01.alicdn.com/kf/Hc8feadddac6c4ef3b278d6f600e5c029D.jpg, //sc02.alicdn.com/kf/H1108eecd88014d11baee3940b801cbc9B.jpg, //sc02.alicdn.com/kf/H06298816f11547b09a990da3688fc105x.jpg, //sc02.alicdn.com/kf/Ha26e691866424e41800bf079b7c2e9988.jpg, //sc01.alicdn.com/kf/H4f5a368a02f1494e987e507c128b0159i.jpg",https://fscalla.en.alibaba.com/product/62585078558-820951616/Nordic_Modern_Dining_Chair_PU_Leather_Price_For_Sale_Dining_room_furniture.html,DC-3
3,Modern Relax High-level Genuine Leather Fabric Sofa Chair for home restaurant cafe dining room furniture,50*60*88,$60.00 - $80.00,"//sc01.alicdn.com/kf/H3194d4f7b03548e1ad67b37a5562b81cr.jpg, //sc01.alicdn.com/kf/Hd1b99a9acf9343699b10ad1cd2244bceC.jpg, //sc02.alicdn.com/kf/He048ba95c7fb411ab7d5606353e68334r.jpg",https://fscalla.en.alibaba.com/product/62473670820-820951616/Modern_Relax_High_level_Genuine_Leather_Fabric_Sofa_Chair_for_home_restaurant_cafe_dining_room_furniture.html,DC-4
4,Nordic Style Coffee home  soft Fabric Velvet Chair Restaurant Dining chair,40*43*86CM,$45.00 - $50.00,"//sc02.alicdn.com/kf/Hc6b265ef73554f02abc712fc5f223ccdo.jpg, //sc01.alicdn.com/kf/H2d13386798694a64ba1117a88e50b0dfO.jpg, //sc01.alicdn.com/kf/H4caccf452d9746098097331c61de137bV.jpg, //sc02.alicdn.com/kf/H289abbdca1d1465fb30820300bce0f96q.jpg, //sc01.alicdn.com/kf/H45f179f09c6e4c9abe67ac29091c2617q.jpg, //sc01.alicdn.com/kf/Hd7a0a72e4aac48adb26ef9289856e228E.jpg",https://fscalla.en.alibaba.com/product/62565430286-820951616/Nordic_Style_Coffee_home_soft_Fabric_Velvet_Chair_Restaurant_Dining_chair.html,DC-5
5,Restaurant furniture stainless steel legs modern design Comfortable leather sofa dining chair set,58*60*88,$120.00 - $130.00,"//sc02.alicdn.com/kf/H30a4c44cd3fb4ff08eacc43f4b8788f0z.jpg, //sc01.alicdn.com/kf/H1f122bd85fa14ad98b17e34b91cb5a05t.jpg, //sc02.alicdn.com/kf/Ha13d6e5494d64b94b284295e07ccfcad4.jpg, //sc01.alicdn.com/kf/H9b4e177768374cf8a05850f66edf8f3c1.jpg, //sc02.alicdn.com/kf/Hab85c8bf3c2c4c219900f1fa22db5028V.jpg",https://fscalla.en.alibaba.com/product/62470533666-820951616/Restaurant_furniture_stainless_steel_legs_modern_design_Comfortable_leather_sofa_dining_chair_set.html,DC-6
6,Modern upholstery restaurant and cafe shop wooden dining chair with metal cover,52*56*84,$58.00 - $62.00,"https://img.alicdn.com/imgextra/i2/6000000000154/O1CN010WMETl1D0ZZqx5Z0H_!!6000000000154-0-tbvideo.jpg, //sc01.alicdn.com/kf/H45bebaa5a23545e3ac1d161b34fcaf97i.jpg, //sc01.alicdn.com/kf/Hcc4b27cedd4449739226feab5483df6eP.jpg, //sc01.alicdn.com/kf/Hd6356e54d5374dc99f00a9b67acd4b21H.jpg, //sc01.alicdn.com/kf/H07896832252f4dd38bfb6de65c82786c3.jpg, //sc02.alicdn.com/kf/He15502580d99419e839e7baede67ee9bp.jpg, //sc02.alicdn.com/kf/H15288e61051f4ae18739826169802ea3B.jpg",https://fscalla.en.alibaba.com/product/62469072602-820951616/Modern_upholstery_restaurant_and_cafe_shop_wooden_dining_chair_with_metal_cover.html,DC-7
7,modern restaurant home furniture Luxury leather dining chair,54*50*92,$50.00 - $180.00,"//sc02.alicdn.com/kf/Hd699ea145215461b866d542e73d10304I.jpg, //sc01.alicdn.com/kf/H505472aa63c44997ba38190883c117b3c.jpg, //sc01.alicdn.com/kf/H5f887c900b654fcdb28243059bd0cbbdP.jpg, //sc01.alicdn.com/kf/H14021f07fec64da1a5666dd7eeba4bea4.jpg, //sc02.alicdn.com/kf/Hf1d45279d2624925899ca0a80df25c75D.jpg, //sc01.alicdn.com/kf/H67b975876cf2461c8d4d446d9e4a7482l.jpg",https://fscalla.en.alibaba.com/product/62472482666-820951616/modern_restaurant_home_furniture_Luxury_leather_dining_chair.html,DC-8
8,Light luxury dining chair simple retro hotel restaurant dining room leather chair,50*50*85,$50.00 - $55.00,"//sc01.alicdn.com/kf/H2ebc2ac79b774d77b10ebc02098f90eet.jpg, //sc02.alicdn.com/kf/H8c763e06915b420c9013707e022a1384d.jpg, //sc02.alicdn.com/kf/Hbdbdb69de06a48d49d046d02ed3515b5s.jpg, //sc01.alicdn.com/kf/H1d87ca221eb04883849fd5dc98ef6fb4H.jpg, //sc01.alicdn.com/kf/Hcc047c55a77444b29c0be38297c8a657N.jpg, //sc02.alicdn.com/kf/H647fce3e84be4b7ba41ab6eb43dd4393z.jpg",https://fscalla.en.alibaba.com/product/62528116870-820951616/Light_luxury_dining_chair_simple_retro_hotel_restaurant_dining_room_leather_chair.html,DC-9
9,metal legs design green pink color modern fabric restaurant velvet dining chairs for living room furniture,52*57*85,$60.00 - $65.00,"//sc02.alicdn.com/kf/H558d313311d7472b813829647aa97d24s.jpg, //sc02.alicdn.com/kf/H8c801ca7ec9e4de6b1add6f0b62f2a2fQ.jpg, //sc02.alicdn.com/kf/H78e29ee017394048850fc96bfbba20f9s.jpg, //sc01.alicdn.com/kf/Ha3b29ff72e6d40c2aae4317fea17b2b5I.jpg, //sc01.alicdn.com/kf/H3e3319ab28a246f48153901311604200l.jpg, //sc02.alicdn.com/kf/H3c3007463cef46c680fc42895d2c3145Z.jpg",https://fscalla.en.alibaba.com/product/62464932352-820951616/metal_legs_design_green_pink_color_modern_fabric_restaurant_velvet_dining_chairs_for_living_room_furniture.html,DC-10
10,2020 Modern New stainless leg luxury Leather Arm sofa chair for dining room furniture,47*59*96,"1 - 49 Pieces, $70.00, 50 - 99 Pieces, $65.00, >=100 Pieces, $60.00","//sc01.alicdn.com/kf/H16f199bb1f2c490883181d15f24f77ce6.jpg, //sc01.alicdn.com/kf/Hf1561ac788224ed4acd0ef141ad88256G.jpg, //sc01.alicdn.com/kf/H2ff04d45ed8b4ffcb7d8567c59b082a22.jpg, //sc02.alicdn.com/kf/H424d2450112840beb404c396ab4583f3N.jpg, //sc02.alicdn.com/kf/H1b1d845a513a462da0bf21c951d45da8Y.jpg, //sc01.alicdn.com/kf/H3981ca36bc894fce8293b958d1bd80876.jpg",https://fscalla.en.alibaba.com/product/62473860556-820951616/2020_Modern_New_stainless_leg_luxury_Leather_Arm_sofa_chair_for_dining_room_furniture.html,DC-11
11,Restaurant Stainless steel frame High-end Fabric Dining Chair Home living room furniture,43*57*103,$65.00 - $70.00,"https://img.alicdn.com/tfs/TB10L98GKuSBuNjy1XcXXcYjFXa-350-350.png, //sc01.alicdn.com/kf/H4d61a15efeb74890ac914fb7ba33d664R.jpg, //sc01.alicdn.com/kf/Ha62b4b21466c4b5f9b00b1993bac7c56T.jpg, //sc01.alicdn.com/kf/H04e3df13169d4624b2db4cd6b1e633b3P.jpg, //sc02.alicdn.com/kf/H03c9c48bd24940bfb42140d1c41af757g.jpg, //sc01.alicdn.com/kf/Had700b8c887c46cf8c3aa363fdffbb4eF.jpg",https://fscalla.en.alibaba.com/product/62471208064-820951616/Restaurant_Stainless_steel_frame_High_end_Fabric_Dining_Chair_Home_living_room_furniture.html,DC-12
12,luxury modern upholstery velvet Leather leisure restaurant dining chair dining room furniture,50*50*86cm,$45.00 - $50.00,"//sc02.alicdn.com/kf/Hb16143c4fccc4233969072b106c992c5M.jpg, //sc02.alicdn.com/kf/Hcd8f792ecb3e4e6a91bd9e4f031f76132.jpg, //sc01.alicdn.com/kf/H0cd375501c10494e8969ca5773fc53ff7.jpg, //sc01.alicdn.com/kf/H8985e194e2ef447e86bca9d584076fc5R.jpg, //sc01.alicdn.com/kf/H1bb1774cf15b4621a4f9c2e6c88640c69.jpg, //sc01.alicdn.com/kf/He639f186883f4c0abe9d45bdb0705e18l.jpg",https://fscalla.en.alibaba.com/product/62565814214-820951616/luxury_modern_upholstery_velvet_Leather_leisure_restaurant_dining_chair_dining_room_furniture.html,DC-13
13,Nordic dining chair home industrial style upholstered armless dining room furniture chairs,45*48*84CM,$45.00 - $50.00,"//sc01.alicdn.com/kf/H01c71b2112ca44bfad49e038b53c3ca1a.jpg, //sc02.alicdn.com/kf/H07f340bc7c6446399725da80ec1288f1S.jpg, //sc01.alicdn.com/kf/H3e07c134f48845f09cf998315bd1bb38Y.jpg, //sc02.alicdn.com/kf/Hbef3bf9e30e24e1d90ed58f590e1335e7.jpg",https://fscalla.en.alibaba.com/product/62569771924-820951616/Nordic_dining_chair_home_industrial_style_upholstered_armless_dining_room_furniture_chairs.html,DC-14
14,Modern Commercia Cafe /Restaurant Dining Room Chair,47*47*84CM,$45.00 - $50.00,"//sc02.alicdn.com/kf/Hb43b5572cf56461b9fe0af8fb67d2f7fR.jpg, //sc02.alicdn.com/kf/Hc7ff281de9584f3d9f1b9b25e03096a5w.jpg, //sc02.alicdn.com/kf/H5a2cd6b616c54289b57a92c72b86d8e9V.jpg, //sc02.alicdn.com/kf/H1c62aee996fd404ab49814ccb87a9b98j.jpg, //sc01.alicdn.com/kf/H79b16988d663429cb088cdbd39a95f60D.jpg, //sc01.alicdn.com/kf/Ha2720cc60f984cb28f3ae00a1256480aD.jpg",https://fscalla.en.alibaba.com/product/62570237474-820951616/Modern_Commercia_Cafe_Restaurant_Dining_Room_Chair.html,DC-15
15,Dining room Furniture White Italian restaurant Leather Dining Chairs,"47*56*70CM, 56*56*70CM",$50.00 - $55.00,"//sc01.alicdn.com/kf/H8c84e2ba96594ed3b1645d4a5a85abd9G.jpg, //sc01.alicdn.com/kf/H2a6740ddbfb4448b90fa2909492654231.jpg, //sc01.alicdn.com/kf/He7b9c643eb754dcca9962b5e859d4675B.jpg, //sc02.alicdn.com/kf/Hc8b79e21fff04b8790bef1a3bd3f5cac5.jpg, //sc01.alicdn.com/kf/Hb69a2142c8c44d12b5fdef9a87acd633t.jpg, //sc02.alicdn.com/kf/H47a84a17b83f459d9036941658237b73Z.jpg",https://fscalla.en.alibaba.com/product/62584299056-820951616/Dining_room_Furniture_White_Italian_restaurant_Leather_Dining_Chairs.html,DC-16
16,Velvet Dining Chair Nordic for home  dining room furniture table set,50*50*81cm,$45.00 - $50.00,"//sc01.alicdn.com/kf/Hcb8d09aaeb3b47d798ef82a68ecb1b8fH.jpg, //sc02.alicdn.com/kf/Hd047a3c4b83e4f52b2128ca88028057eX.jpg, //sc02.alicdn.com/kf/Haafdbefe2da94bc0915fe0c8b921dff7p.jpg, //sc02.alicdn.com/kf/H97759257aa2044f288f10b4e5f5456f4l.jpg, //sc02.alicdn.com/kf/H934f4fce05bb4a4d83e9e9fc08120581I.jpg",https://fscalla.en.alibaba.com/product/62566020464-820951616/Velvet_Dining_Chair_Nordic_for_home_dining_room_furniture_table_set.html,DC-17
17,high quality metal legs leisure cafe shop soft velvet dining chair set for Office living room,50*53*82,$75.00 - $80.00,"//sc02.alicdn.com/kf/Hef395618af9b464c97950143adc35fa3q.jpg, //sc02.alicdn.com/kf/Hfc51f39fe38a41039137201d03df694am.jpg, //sc01.alicdn.com/kf/H5a0b47872cfa4737b552660e3ce48247P.jpg, //sc01.alicdn.com/kf/Ha06c9844e8b04cd9bdd2eb450cba4c2b4.jpg, //sc02.alicdn.com/kf/H3cc739ef74b7462f98ababe213fe165cZ.jpg, //sc02.alicdn.com/kf/H0d720d9c6ec8437a9754415d0c96f38a7.jpg",https://fscalla.en.alibaba.com/product/62468361644-820951616/high_quality_metal_legs_leisure_cafe_shop_soft_velvet_dining_chair_set_for_Office_living_room.html,DC-18
18,Modern Style Upholstered Gold Leg Dining room soft velvet fabric Chair,63*52*84,$55.00 - $115.00,"//sc02.alicdn.com/kf/H0805ead327794982a4e414bf9e0359ed7.jpg, //sc01.alicdn.com/kf/H8a378686f8a44728a7a3790ab7f30df3O.jpg, //sc02.alicdn.com/kf/Hdc7afb64abd2420ea36e227b7dc31e19H.jpg, //sc02.alicdn.com/kf/H40155a0ec06041cdadfd2d306b27c9bcH.jpg, //sc01.alicdn.com/kf/Hba33faffdeca4302ac62500e27b7a49eQ.jpg, //sc01.alicdn.com/kf/H83b7e9da69bb49aab00437e1083504ad3.jpg",https://fscalla.en.alibaba.com/product/62468309105-820951616/Modern_Style_Upholstered_Gold_Leg_Dining_room_soft_velvet_fabric_Chair.html,DC-19
19,Modern Wood Metal base Restaurant Living Leisure leather armrest Chair dining room furniture,58*60*82,$70.00 - $85.00,"//sc02.alicdn.com/kf/H0816d44a2e4a436b8fca582b950b2d62H.jpg, //sc02.alicdn.com/kf/H791449de70c34d939209ff4dd7e047b4Q.jpg, //sc02.alicdn.com/kf/Hd7f6c243e4514f2b8d5cd3f2bee9ac7cl.jpg, //sc01.alicdn.com/kf/He578be5b59ae44ba94ab08c6c31a37c0s.jpg, //sc02.alicdn.com/kf/Hbfb95783baff40df888de8e07f29de1bB.jpg, //sc01.alicdn.com/kf/H8642050c218642be81b02913e9ba67f1Q.jpg",https://fscalla.en.alibaba.com/product/62472514246-820951616/Modern_Wood_Metal_base_Restaurant_Living_Leisure_leather_armrest_Chair_dining_room_furniture.html,DC-20
20,Gold Metal Cover High Bar Stool Modern Nave Blue Velvet Restaurant Bar Chair,75*102,$100.00 - $110.00,"//sc02.alicdn.com/kf/H7f1c3ec9e8fb400fbd14e86c52d120360.jpg, //sc02.alicdn.com/kf/Ha85ebccea07345abbc9a0fdd4449651aE.jpg, //sc02.alicdn.com/kf/H7358bca4cdaa47afbdd0fe1b231f14c7L.jpg, //sc01.alicdn.com/kf/H65c0e42d7bd545568eeac3280790c11ac.jpg, //sc01.alicdn.com/kf/H5e6cfe7454104d868535683c24a6a710h.jpg, //sc01.alicdn.com/kf/H608d2ae3a49441789c34617dc4d8f3e81.jpg",https://fscalla.en.alibaba.com/product/62464509663-820951616/Gold_Metal_Cover_High_Bar_Stool_Modern_Nave_Blue_Velvet_Restaurant_Bar_Chair.html,DC-21
21,Modern Nordic Style Hollow Velvet Dining Room Chair for Home Hotel Restaurant furniture,51*52*84,$50.00 - $70.00,"//sc02.alicdn.com/kf/H1dcfd0de3fcb40719de1c392525c0161C.jpg, //sc02.alicdn.com/kf/H1571ecd133154837a4c81b7cd60d5603C.jpg, //sc02.alicdn.com/kf/H73853f95cca1431cbddfc18ec56d63f70.jpg, //sc01.alicdn.com/kf/H775cb45cebf44b7a9b9c9b5829b83b51j.jpg, //sc01.alicdn.com/kf/H92d1d908ed274b20ac9870de2eb9ad5f6.jpg, //sc01.alicdn.com/kf/Heb3b82d577664dafb2d101534f87545ey.jpg",https://fscalla.en.alibaba.com/product/62461113729-820951616/Modern_Nordic_Style_Hollow_Velvet_Dining_Room_Chair_for_Home_Hotel_Restaurant_furniture.html,DC-22
22,Nordic modern PU leather saddle chair for Dining room furniture table chairs,50*58*79,$55.00 - $60.00,"//sc01.alicdn.com/kf/Ha5ed49a7d31e42b983545b2ce67f313bi.jpg, //sc01.alicdn.com/kf/H19a24359b435412c972195e5657420905.jpg, //sc02.alicdn.com/kf/H0a434f96e13545ac8e2910294e743363d.jpg, //sc01.alicdn.com/kf/Hcc27a2496e5f4efebed7b94b2fe57223C.jpg",https://fscalla.en.alibaba.com/product/62460007773-820951616/Nordic_modern_PU_leather_saddle_chair_for_Dining_room_furniture_table_chairs.html,DC-23
23,Wedding Event Party Stacked Gold Stainless Steel Banquet Chair set for ding room furniture,"43*50*95, 130*80*75",$70.00 - $300.00,"//sc02.alicdn.com/kf/He4f922b215bd49fa8b5001cddf43cd02x.jpg, //sc02.alicdn.com/kf/He44c48892b0b499687292881023c5dd4r.jpg, //sc01.alicdn.com/kf/Hfa5b78bb038a4d65b89177ad56d4705dc.jpg, //sc02.alicdn.com/kf/H49b50fd1328546c084bb1b728606e1d5N.jpg, //sc01.alicdn.com/kf/Ha11ed9331a7a4b99832e28995c0420503.jpg, //sc01.alicdn.com/kf/H4bfdbd1499ba4f98ba92ce0cc2f77af8j.jpg",https://fscalla.en.alibaba.com/product/62471746197-820951616/Wedding_Event_Party_Stacked_Gold_Stainless_Steel_Banquet_Chair_set_for_ding_room_furniture.html,DC-24
24,Modern Solid Wooden Windsor Dining Chair for House Dining Room Furniture,48*47*86,$46.00 - $50.00,"https://img.alicdn.com/imgextra/i4/6000000001125/O1CN011QpNY61KBI9ce9zoM_!!6000000001125-0-tbvideo.jpg, //sc01.alicdn.com/kf/H376bbb927f234397adb449191506a7b9U.jpg, //sc02.alicdn.com/kf/Hed62c9a463d64b17800c134445cf6420W.jpg, //sc01.alicdn.com/kf/Ha6d00912ab064a0da7a7974c88ca9011F.jpg, //sc01.alicdn.com/kf/H25ac857ff5854b42bfafcdf1928efbe1w.jpg, //sc01.alicdn.com/kf/H8b5214ab67734652a36ccf964155b354F.jpg, //sc01.alicdn.com/kf/H1fcd1315152d4a51b8b92f18a16eed75U.jpg",https://fscalla.en.alibaba.com/product/62459256370-820951616/Modern_Solid_Wooden_Windsor_Dining_Chair_for_House_Dining_Room_Furniture.html,DC-25
25,Nordic leather saddle dining chair orange color cafe chairs for Hotel home restaurant,43*47*82,$55.00 - $60.00,"//sc02.alicdn.com/kf/Ha46b81e8379a4a128948a6e5690599e1x.jpg, //sc02.alicdn.com/kf/H5a74d7a65c924523b6c418b5273774fe3.jpg, //sc01.alicdn.com/kf/Haa26b52b3ebe49a1b8921b1c329df8c2A.jpg, //sc01.alicdn.com/kf/Hc5b5d3940c1740faad3b12f114a05fe7o.jpg",https://fscalla.en.alibaba.com/product/62460139840-820951616/Nordic_leather_saddle_dining_chair_orange_color_cafe_chairs_for_Hotel_home_restaurant.html,DC-26
26,Full-leather Banquet dining chair Metal frame for house hotel restaurant dining tables and chairs,60*53*83,$85.00 - $105.00,"//sc01.alicdn.com/kf/Hc715bdf4a5134e9e8fc79d9cd282276bk.jpg, //sc02.alicdn.com/kf/H859654583f484e7ab8ece214d8de37fbr.jpg, //sc02.alicdn.com/kf/Hf7d5b4c51a4f4b48b6297032072cffb8i.jpg, //sc02.alicdn.com/kf/H087ee9340ec443bfb74630e578f0ba6ck.jpg, //sc01.alicdn.com/kf/Ha8ad54e2818b4d30a924b8cc815467b28.jpg, //sc02.alicdn.com/kf/H8fec7527bf1040db85adf93eae6cfcedP.jpg",https://fscalla.en.alibaba.com/product/62460302683-820951616/Full_leather_Banquet_dining_chair_Metal_frame_for_house_hotel_restaurant_dining_tables_and_chairs.html,DC-27
27,Modern Simple Leisure Soft-packed saddle leather chair for Dining Office Negotiating  Restaurant furniture,50*50*85,$50.00 - $55.00,"//sc02.alicdn.com/kf/Hb75a612728fb41c09de511cfdbff7bc7y.jpg, //sc01.alicdn.com/kf/Ha3a0a9d72aaf490c8f0f26f71fc8a303m.jpg, //sc01.alicdn.com/kf/H02b34b1f0ce1403c9c18463ce3da1dcbk.jpg, //sc02.alicdn.com/kf/H7e51be4a747c42438b0f0bab499ecb0am.jpg, //sc01.alicdn.com/kf/H2639f5dbde2046acbef9b0745e44fe4aX.jpg, //sc01.alicdn.com/kf/H8c96cf27adb44cd3bdfd99c742d5862fY.jpg",https://fscalla.en.alibaba.com/product/62460156585-820951616/Modern_Simple_Leisure_Soft_packed_saddle_leather_chair_for_Dining_Office_Negotiating_Restaurant_furniture.html,DC-28
28,Hotel Restaurant furniture Saddle Leather Upholstered Dining Chair with Metal frame,43*47*82,$100.00 - $105.00,"//sc02.alicdn.com/kf/H7ca41ef70c644c1091112d93a0d8faecV.jpg, //sc02.alicdn.com/kf/H8e8a4f317bfb4abb89e1545bbd7fc45ea.jpg, //sc02.alicdn.com/kf/H0e810ae4b9e34d36a0b2da7e4606cba0c.jpg, //sc02.alicdn.com/kf/He949f00424864d7d971a40ea3219c246f.jpg",https://fscalla.en.alibaba.com/product/62460194644-820951616/Hotel_Restaurant_furniture_Saddle_Leather_Upholstered_Dining_Chair_with_Metal_frame.html,DC-29
29,Modern Restaurant Chair Dining Room Furniture Upholstery Velvet Chairs with Metal leg,50*54*80,$55.00 - $115.00,"//sc01.alicdn.com/kf/H7784a37dc8f74f1782ebd48ac57b5a9f8.jpg, //sc01.alicdn.com/kf/Hd8dcaf0cb50847bb900b4ca9992c64ebx.jpg, //sc02.alicdn.com/kf/Hc0d91dc27b3942e09ead723b5b0cde52X.jpg, //sc01.alicdn.com/kf/H1cc86ef8fd1c445aa79d235a0274a9e4T.jpg, //sc01.alicdn.com/kf/He9eb8f8db8634d489757d99cd2651cc4N.jpg, //sc01.alicdn.com/kf/Hd7673cb719c64429ba3336c620d5ea3fu.jpg",https://fscalla.en.alibaba.com/product/62468722035-820951616/Modern_Restaurant_Chair_Dining_Room_Furniture_Upholstery_Velvet_Chairs_with_Metal_leg.html,DC-30
30,Home Restaurant office furniture fabric velvet dining chair with metal legs,52*57*85,$60.00 - $65.00,"//sc01.alicdn.com/kf/Hebd2603c57a94166beb9a1660b6be8e00.jpg, //sc01.alicdn.com/kf/Ha4993756523747c3993932c7aed8a5957.jpg, //sc01.alicdn.com/kf/H2f074692c7404dd99c3aa26750fb3e17C.jpg, //sc01.alicdn.com/kf/H2f7fc64128ba44909e8ce9adc1eb24f82.jpg, //sc02.alicdn.com/kf/Hded90971abf7492db1474dffae71e35br.jpg, //sc01.alicdn.com/kf/Hc7c440b7a902422b93aae5cc3390fed3t.jpg",https://fscalla.en.alibaba.com/product/62462131231-820951616/Home_Restaurant_office_furniture_fabric_velvet_dining_chair_with_metal_legs.html,DC-31
31,Modern luxury stainless steel frame dining leather cushion chair office chair,50*43*92cm,$45.00 - $50.00,"//sc02.alicdn.com/kf/Hdd240d4fb5154b0e98669103e171b317t.jpg, //sc02.alicdn.com/kf/Hc79a4efd78bc4b26b9222d7340db5223G.jpg, //sc02.alicdn.com/kf/H4fc8cd33f0a14967bb9a9d5a007b2263D.jpg, //sc02.alicdn.com/kf/H539cf359505b4006a09d72f4baf0128dA.jpg, //sc01.alicdn.com/kf/H8807abb98bd243529406b3c994a5e9a2N.jpg, //sc01.alicdn.com/kf/H31d0658e64aa4a1c840251bfcab432f46.jpg",https://fscalla.en.alibaba.com/product/1600097068968-820951616/Modern_luxury_stainless_steel_frame_dining_leather_cushion_chair_office_chair.html,DC-32
32,2020 Luxury elegant modern Leather Upholstered Gold Metal Dining Chair dining room furniture,50*49*112cm,$50.00 - $55.00,"//sc02.alicdn.com/kf/H3a67b405be804252b83360dea28d9d2cH.jpg, //sc02.alicdn.com/kf/Hf0fb948270cb4df39a921b11466b446c8.jpg, //sc01.alicdn.com/kf/Hdd699f4d304d40d5a3a6b5fa3bad22c1k.jpg, //sc02.alicdn.com/kf/H20e213eb485549189a36deed4d2023286.jpg, //sc02.alicdn.com/kf/H5c49f2a8be544abeb5f2ec33c8a05128r.jpg, //sc01.alicdn.com/kf/Hbad2d226e79549fab96ef7f5796ad2f9i.jpg",https://fscalla.en.alibaba.com/product/1600097133494-820951616/2020_Luxury_elegant_modern_Leather_Upholstered_Gold_Metal_Dining_Chair_dining_room_furniture.html,DC-33
33,dining metal chairs restaurant and cafe shop chairs upholstered with PU Leather,52*47*85,$100.00 - $105.00,"//sc02.alicdn.com/kf/H25902a2affde497aaadab2e3e5320d38k.jpg, //sc01.alicdn.com/kf/H786e70546673450584e4825dfa6431cfq.jpg, //sc01.alicdn.com/kf/H87baa5b13793432999d34d0d07d361bdB.jpg, //sc02.alicdn.com/kf/H4f0b8176e2924734ba0839817d54695ep.jpg, //sc01.alicdn.com/kf/H99d2f93219a242bc8a698465f2f69358o.jpg",https://fscalla.en.alibaba.com/product/62459400791-820951616/dining_metal_chairs_restaurant_and_cafe_shop_chairs_upholstered_with_PU_Leather.html,DC-34
34,Modern style Stainless steel Dining chair furniture,48*45*93cm,$45.00 - $50.00,"//sc01.alicdn.com/kf/H574713ded75e4617b43b5663211319c9a.jpg, //sc01.alicdn.com/kf/H3b97ebb598e34086978eb37e6c19f4cdC.jpg, //sc02.alicdn.com/kf/H66fc3318a1884bc7ae9acc58b7a58c0eY.jpg, //sc01.alicdn.com/kf/H4949459dea4843da94e1edd83cc40aedO.jpg, //sc02.alicdn.com/kf/H39146a1f1b45487998882edf66e922f1m.jpg, //sc01.alicdn.com/kf/H6251e31043424c51bbb1af11b94ce91eS.jpg",https://fscalla.en.alibaba.com/product/1600112506902-820951616/Modern_style_Stainless_steel_Dining_chair_furniture.html,DC-35
35,Luxury Leather Gold Metal egg shell dining chairs furniture dining room chair set,48*45*93cm,$45.00 - $50.00,"//sc02.alicdn.com/kf/H050b95a2457d4fad877c75446f37c39bZ.jpg, //sc01.alicdn.com/kf/H4a1f9f5f36ea413c9199197b5a93fcf0u.jpg, //sc01.alicdn.com/kf/Hdb5ae6141cb4403e8c1c851a89539e6dg.jpg, //sc01.alicdn.com/kf/Hd0b340779d284791b9c45e79e94572aci.jpg, //sc02.alicdn.com/kf/H475bf69d52b64f4e82ab09c04fc2a3e83.jpg, //sc01.alicdn.com/kf/H5fb18a7d00054a3d84c10b5c20a400d2M.png_50x50.png",https://fscalla.en.alibaba.com/product/1600097143420-820951616/Luxury_Leather_Gold_Metal_egg_shell_dining_chairs_furniture_dining_room_chair_set.html,DC-36
36,Luxury Shiny Glossy Silver Stainless Steel leather Dining Chair,50*49*112cm,$50.00 - $55.00,"//sc01.alicdn.com/kf/Hac15bce6a309427c9a9dc79aa256d473R.jpg, //sc01.alicdn.com/kf/H4ac8065df47148de9eab47f62ef732c2G.jpg, //sc01.alicdn.com/kf/Hd4270256e2f8441aafbdb159baaaadcet.jpg, //sc01.alicdn.com/kf/H3b738d87943e44509470fb49082502d2W.jpg, //sc02.alicdn.com/kf/H15dce961a9d543a6a4fd9fcc9c617fbdx.jpg, //sc02.alicdn.com/kf/H2b22c005fd364c429bae45b05c3be866P.jpg",https://fscalla.en.alibaba.com/product/1600112572644-820951616/Luxury_Shiny_Glossy_Silver_Stainless_Steel_leather_Dining_Chair.html,DC-37
37,Fabric Upholstering Chaise Embroidered Velvet Lounge Chairs for living room Dining room.,"50*48*89, ","10-99 Pieces, $80.00, >=100 Pieces, $75.00","//sc02.alicdn.com/kf/Hb28301d6460f42e1b0ec418ef7cda5f3L.jpg, //sc01.alicdn.com/kf/Hc47e65e0f21344f992a002b82525d0b0q.jpg, //sc01.alicdn.com/kf/Hb85a404baa6e4b87b400fa1ab29100dch.jpg, //sc01.alicdn.com/kf/H5c0e05b5b7de42b3b2f3a287febb45d99.jpg, //sc02.alicdn.com/kf/H1f077ad864f54d51bd9b0924c0f3802ac.jpg, //sc01.alicdn.com/kf/H41da9f0b2e164d298855eaf3ffc98ecbt.jpg",https://www.alibaba.com/product-detail/Fabric-Upholstering-Chaise-Embroidered-Velvet-Lounge_62471487059.html,DC-38
