0,['Foshan dining room sideboard buffet cabinet furniture factory price'],['150*40*90CM'],['<span>$400.00 - $450.00</span>'],"['//sc01.alicdn.com/kf/Hb5be9389bd344ad491f4bf2e61bba3fcH.jpg_50x50.jpg', '//sc02.alicdn.com/kf/H9e410eaa62a84a05b6710eb0b06f48e7P.jpg_50x50.jpg', '//sc01.alicdn.com/kf/H112e5ed133c7437b90dc595137492909a.jpg_50x50.jpg', '//sc01.alicdn.com/kf/Hd95064a26b834836b5daeec8decede9cy.jpg_50x50.jpg', '//sc02.alicdn.com/kf/H88503e85820a463284c2333423a4d029B.jpg_50x50.jpg']",https://fscalla.en.alibaba.com/product/62597247199-820524073/Foshan_dining_room_sideboard_buffet_cabinet_furniture_factory_price.html
0,['High quality luxury Metal leg Living room Side cabinet  console table with drawer'],"['Glass top:120*40*85CM', 'Marble top:120*40*85CM']","['1 - 9 Pieces', '$250.00', '10 - 99 Pieces', '$230.00', '>=100 Pieces', '$200.00']","['//sc01.alicdn.com/kf/Hddf14301dc4f480ebf36308a9777d987s.jpg_50x50.jpg', '//sc02.alicdn.com/kf/H09b83056c2e04531b5c5dc22372b60a5A.jpg_50x50.jpg', '//sc01.alicdn.com/kf/Hd29d6429da0847ab81a32dd81c7ac95dS.jpg_50x50.jpg', '//sc02.alicdn.com/kf/H081fdae1b976465fadaceec226d0bf92j.jpg_50x50.jpg', '//sc01.alicdn.com/kf/H6ef97dd64e504e5990d2878f8b61ce884.jpg_50x50.jpg', '//sc01.alicdn.com/kf/H55be5ee2511d41c5a3911360cf5264baF.jpg_50x50.jpg']",https://fscalla.en.alibaba.com/product/1600095413617-820524073/High_quality_luxury_Metal_leg_Living_room_Side_cabinet_console_table_with_drawer.html
0,['Modern Restaurant storage stainless steel Living room cabinet dining room cabinets'],['150*40*65CM'],['<span>$200.00 - $250.00</span>'],"['//sc01.alicdn.com/kf/H42d6627d565344698f4a2a14d6e7b097c.jpg_50x50.jpg', '//sc02.alicdn.com/kf/H17dab3dba81f4f829d1e532fcafa0620H.jpg_50x50.jpg', '//sc01.alicdn.com/kf/H739207b1b01d42ecb3e4fde1f66d936aZ.jpg_50x50.jpg', '//sc02.alicdn.com/kf/Hb8bec1dca53d4a2ca1264ab60c8ac743Z.jpg_50x50.jpg', '//sc02.alicdn.com/kf/H7bc432c9e0a64b8da1dedcc9acffd7f6s.jpg_50x50.jpg', '//sc01.alicdn.com/kf/H25ae7909b8e940b0a5c6a89458aefaf1E.jpg_50x50.jpg']",https://fscalla.en.alibaba.com/product/62570201482-820524073/Modern_Restaurant_storage_stainless_steel_Living_room_cabinet_dining_room_cabinets.html
0,['luxury entrance table and cabinet for dining room furniture Console Table'],['150*40*90cm'],"['1 - 9 Pieces', '$350.00', '10 - 99 Pieces', '$340.00', '>=100 Pieces', '$330.00']","['//sc01.alicdn.com/kf/H3a9341c779f640e4893da105ec1f3d42B.jpg_50x50.jpg', '//sc01.alicdn.com/kf/Ha7dc6b6048a74be991b98cb25a9341e4b.jpg_50x50.jpg', '//sc02.alicdn.com/kf/H08d88fdeb2d941d0829b91537d911845e.jpg_50x50.jpg', '//sc01.alicdn.com/kf/Hb52ef0ab9f5e4022838cd10500ad01110.jpg_50x50.jpg', '//sc01.alicdn.com/kf/H8ede063a1c674629abc59fd4200e6c53f.jpg_50x50.jpg']",https://fscalla.en.alibaba.com/product/1600119337422-820524073/luxury_entrance_table_and_cabinet_for_dining_room_furniture_Console_Table.html
0,['luxury marble top Sideboard Cabinet for dining room furniture'],"['150*40*80cm', '120*40*80cm']","['1 - 9 Pieces', '$260.00', '10 - 99 Pieces', '$250.00', '>=100 Pieces', '$240.00']","['//sc01.alicdn.com/kf/Hfdab406e6be74962a39690c47ffbc441D.jpg_50x50.jpg', '//sc01.alicdn.com/kf/H42894f38a5dc4035a43d358d9ff3c19fs.jpg_50x50.jpg', '//sc02.alicdn.com/kf/H8dde84b43c3e46d1a0fed37c8a4b47d1y.jpg_50x50.jpg', '//sc02.alicdn.com/kf/H1e1da15796214c81aeae9a91e0ab8d34M.jpg_50x50.jpg', '//sc01.alicdn.com/kf/Hf508632904784a51b1cb14240ed3b42do.jpg_50x50.jpg']",https://fscalla.en.alibaba.com/product/1600124709947-820524073/luxury_marble_top_Sideboard_Cabinet_for_dining_room_furniture.html
0,['Modern furniture stainless steel base antique hallway wood luxury console table with drawer'],['120*40*85'],['<span>$220.00 - $230.00</span>'],"['https://img.alicdn.com/imgextra/i2/6000000006295/O1CN01mXxGxw1wN9oo8JbRR_!!6000000006295-0-tbvideo.jpg', '//sc01.alicdn.com/kf/Hd938df4292304decb2573f693a5b255dX.jpg_50x50.jpg', '//sc01.alicdn.com/kf/He2e418e5969a40b4b0df9d4bd3af8c9br.jpg_50x50.jpg', '//sc02.alicdn.com/kf/Hd7ccf1bcc7504426976817345c140781f.jpg_50x50.jpg', '//sc01.alicdn.com/kf/Hc0e0a9706f1047728a3aebedfe0ae4d0j.jpg_50x50.jpg', '//sc01.alicdn.com/kf/H47709676ce1b44eca7730ed0a5911003W.jpg_50x50.jpg', '//sc01.alicdn.com/kf/Hbaed2c8acfb648ef9d4c160f8a0847b2b.jpg_50x50.jpg']",https://fscalla.en.alibaba.com/product/62478041206-820524073/Modern_furniture_stainless_steel_base_antique_hallway_wood_luxury_console_table_with_drawer.html
0,['luxury modern metal handle wooden buffet cabinet sideboard for living room furniture'],"['150*40*80cm', '120*40*80cm']","['1 - 9 Pieces', '$300.00', '10 - 99 Pieces', '$280.00', '>=100 Pieces', '$270.00']","['//sc01.alicdn.com/kf/H1df9f612ee7947ccb6c9f17ca19b20c16.jpg_50x50.jpg', '//sc01.alicdn.com/kf/H28897b6caee34be485706d1f102acc1eO.jpg_50x50.jpg', '//sc02.alicdn.com/kf/Ha9f781f9f7b444d5bfa19758033f3445R.jpg_50x50.jpg', '//sc01.alicdn.com/kf/H94d5c26d22a946d9b7e6bd92fb772e0dh.jpg_50x50.jpg', '//sc02.alicdn.com/kf/He869a9d0c1d64c1b9bf82e1084d0ebd7N.jpg_50x50.jpg']",https://fscalla.en.alibaba.com/product/1600143531774-820524073/luxury_modern_metal_handle_wooden_buffet_cabinet_sideboard_for_living_room_furniture.html
0,['Luxury dining room sideboard extra long dust proof storage cabinet steel cupboards'],"['130*40*75CM', '160*40*75CM']",['<span>$200.00 - $250.00</span>'],"['//sc02.alicdn.com/kf/Hc1d449f40ea043bf8ee7e4c61e66c63dN.jpg_50x50.jpg', '//sc01.alicdn.com/kf/H8ac1d8e833974f6c9568ff8beffa4ac95.jpg_50x50.jpg', '//sc01.alicdn.com/kf/Hb1a9b946de084d3882e5c88224ce2df0b.jpg_50x50.jpg', '//sc02.alicdn.com/kf/H805ce795c122486d993f1395a996aecd4.jpg_50x50.jpg', '//sc01.alicdn.com/kf/H02cbb932236942c8a57b1de4ae76d1b53.jpg_50x50.jpg', '//sc01.alicdn.com/kf/H8adec3f3b7f24807bfa6b763b08cd2597.jpg_50x50.jpg']",https://fscalla.en.alibaba.com/product/62570410035-820524073/Luxury_dining_room_sideboard_extra_long_dust_proof_storage_cabinet_steel_cupboards.html
0,['Luxury Gold Metal Leg Tea Cabinet Modern Wooden Sideboard Cabinet Dining room storage cabinet'],"['Marble:120*40*85CM', '', 'Marble:150*40*85CM', '', 'Glass:120*40*85CM', '', 'Glass:150*40*85CM', '']","['1-9 Pieces', '$250.00', '10-99 Pieces', '$230.00', '>=100 Pieces', '$200.00']","['//sc02.alicdn.com/kf/Hdcebb3c5d2be478bb887ca91094aa296m.jpg_50x50.jpg', '//sc02.alicdn.com/kf/H5fac266465474286bd7832fed282716aD.jpg_50x50.jpg', '//sc02.alicdn.com/kf/H0de2de5c9468453890c7a0b1b7a888ee9.jpg_50x50.jpg', '//sc01.alicdn.com/kf/H1dd71fa104454c1db3cb7fc1c5636f34V.jpg_50x50.jpg']",https://www.alibaba.com/product-detail/Luxury-Gold-Metal-Leg-Tea-Cabinet_1600093366377.html
0,['Modern dining room furniture Gold stainless steel white wooden cabinet storage table'],"['Marble:120*40*85CM', '', 'Marble:150*40*85cm', '', 'Glass:120*40*85CM', '', 'Glass:150*40*85CM', '']","['1-9 Pieces', '$250.00', '10-99 Pieces', '$230.00', '>=100 Pieces', '$200.00']","['//sc02.alicdn.com/kf/Hbc7740d3e2614e1985ec3805189a80c11.jpg_50x50.jpg', '//sc02.alicdn.com/kf/Hc7625cd44fc84990a5a0e604fb858413K.jpg_50x50.jpg', '//sc01.alicdn.com/kf/Hcbf519b5875f4da18740c121fcf97f7be.jpg_50x50.jpg']",https://www.alibaba.com/product-detail/Modern-dining-room-furniture-Gold-stainless_1600093337512.html
0,['Light luxury chest of drawers bedroom stainless steel living room drawers bedroom 9 drawers cabinet'],"['150*40*75CM', '']","['1-9 Pieces', '$250.00', '10-99 Pieces', '$230.00', '>=100 Pieces', '$200.00']","['//sc01.alicdn.com/kf/H1ba30ed211cc4a369ea95e720ed45430Y.jpg_50x50.jpg', '//sc01.alicdn.com/kf/H64eb721b5bb4415d9eaba484a4fb24c3z.jpg_50x50.jpg', '//sc02.alicdn.com/kf/H8ca3f21da40e482aaad423ff2c5ef46e5.jpg_50x50.jpg', '//sc01.alicdn.com/kf/H317b6625d0b34cc293720bd8737151edt.jpg_50x50.jpg', '//sc02.alicdn.com/kf/H7b62668c724b42c485bcdecffeb5b587R.jpg_50x50.jpg']",https://www.alibaba.com/product-detail/Light-luxury-chest-of-drawers-bedroom_1600094337527.html
0,['Luxury furniture 4 drawers storage cabinet design for Dining room fashion storage cabinet'],"['150*40*80CM', '']","['1-9 Pieces', '$235.00', '10-99 Pieces', '$230.00', '>=100 Pieces', '$200.00']","['//sc01.alicdn.com/kf/Hea96aee3c6d24f73b43efb01127899398.jpg_50x50.jpg', '//sc01.alicdn.com/kf/Hf6c699d0c95a4591a2f8e7314838775el.jpg_50x50.jpg', '//sc01.alicdn.com/kf/H4c1de9b871904fb5bb584cf4b5801b62h.jpg_50x50.jpg', '//sc01.alicdn.com/kf/H7eecaf2ad7804b3a8354f3d0af45a5a8a.jpg_50x50.jpg']",https://www.alibaba.com/product-detail/Luxury-furniture-4-drawers-storage-cabinet_1600093226849.html
0,['Wooden 3 Drawer 2 Door dining room sideboard storage cabinet'],"['Marble:120*40*85CM', '', 'Marble:150*40*85cm', '', 'Glass:120*40*85CM', '', 'Glass:150*40*85CM', '']","['1-9 Pieces', '$250.00', '10-99 Pieces', '$230.00', '>=100 Pieces', '$200.00']","['//sc01.alicdn.com/kf/H87e5a0690f4345fab1d4ec6bf72934daU.jpg_50x50.jpg', '//sc01.alicdn.com/kf/He4dd26bab7fd47aaac2252ffc02a9924D.jpg_50x50.jpg', '//sc01.alicdn.com/kf/H6275648f6b704669a45e5ae9ac7649a7b.jpg_50x50.jpg', '//sc01.alicdn.com/kf/H4cf16a4a5edb4abdb54217af78e6308d9.jpg_50x50.jpg', '//sc01.alicdn.com/kf/H582c35ce668a4235ab1dc7826e3e9d7e8.jpg_50x50.jpg', '//sc02.alicdn.com/kf/H2a4e779fd40947e199b2a2ff9a2d55aeh.jpg_50x50.jpg']",https://www.alibaba.com/product-detail/Wooden-3-Drawer-2-Door-dining_1600093381297.html
