0,Stainless steel titanium gold marble surface round coffee table sets,50*60,"10 - 19 Pieces, $135.00, 20 - 49 Pieces, $130.00, >=50 Pieces, $125.00","//sc02.alicdn.com/kf/H1e8f2496af9b440f9c0ab11c850fca12N.jpg_50x50.jpg, //sc01.alicdn.com/kf/H967401850ddd40c3a9aff1338f2dbf0bY.jpg_50x50.jpg, //sc01.alicdn.com/kf/H65320d1c290245b38b8e34d6fc00da95x.jpg_50x50.jpg, //sc02.alicdn.com/kf/H9bfd1bdc7253499eab95d1b1f75138a8F.jpg_50x50.jpg, //sc02.alicdn.com/kf/He68455ca6efe48968b4a0837c77c9845i.jpg_50x50.jpg, //sc02.alicdn.com/kf/H5b2a4172b3ce42d18eb028ad21a69dd7C.jpg_50x50.jpg",https://fscalla.en.alibaba.com/product/62407334470-820601440/Stainless_steel_titanium_gold_marble_surface_round_coffee_table_sets.html,ST-1
1,Modern coffee Tea Table solid Wood Round Table for office hotel reception furniture,60*60*30CM,$100.00 - $250.00,"//sc02.alicdn.com/kf/H35a9b5789fa947c88528437ed89a14eej.jpg_50x50.jpg, //sc01.alicdn.com/kf/Ha3354e3698304973ae0c324220df0e802.jpg_50x50.jpg, //sc02.alicdn.com/kf/Hab9f944da9174d4998e1f10261486934v.jpg_50x50.jpg, //sc01.alicdn.com/kf/H397cca67fa9c480783f45efa30034e1aj.jpg_50x50.jpg, //sc01.alicdn.com/kf/Hc039312cbb1d4dffa5716e55ae4f9244Z.jpg_50x50.jpg",https://fscalla.en.alibaba.com/product/62503502764-820601440/Modern_coffee_Tea_Table_solid_Wood_Round_Table_for_office_hotel_reception_furniture.html,ST-2
2,Simple Modern Master Bedroom Fashion Luxury Bedside Table with Cabinet Storage drawer,50*40*50,$70.00 - $80.00,"https://img.alicdn.com/tfs/TB10L98GKuSBuNjy1XcXXcYjFXa-350-350.png, //sc02.alicdn.com/kf/He872c7d214d6463694a9811b50e9a38b3.jpg_50x50.jpg, //sc01.alicdn.com/kf/H24ac8bb29a9a494f940d1f0384213d96B.jpg_50x50.jpg, //sc01.alicdn.com/kf/Hd2b1da59021842988891f5613983c3bcH.jpg_50x50.jpg, //sc02.alicdn.com/kf/H9c1c4b2b4c044d32be0f726e3d082ebcu.jpg_50x50.jpg, //sc01.alicdn.com/kf/Hb28d138e813943ae91608b1cb620a139t.jpg_50x50.jpg, //sc02.alicdn.com/kf/H693b3c39da124be3888928aac19f779bt.jpg_50x50.jpg",https://fscalla.en.alibaba.com/product/62478094250-820601440/Simple_Modern_Master_Bedroom_Fashion_Luxury_Bedside_Table_with_Cabinet_Storage_drawer.html,ST-3
3,Nordic metal colorful side table for dinning room coffee tea table set,"55*40, 70*50",$30.00 - $36.00,"//sc01.alicdn.com/kf/Hfdb37f842dee4900aada854996123800v.jpg_50x50.jpg, //sc02.alicdn.com/kf/Hbd02a75b38004c85ad06fa1ea0522eafH.jpg_50x50.jpg, //sc01.alicdn.com/kf/H7898e392dfd84b3ab4f730a63d61eb2a5.jpg_50x50.jpg, //sc01.alicdn.com/kf/He4d5e14d32194eb788bff7edf22b3e9aV.jpg_50x50.jpg, //sc02.alicdn.com/kf/H1e1c07589d2f4dd7acc7dd56477d8b83j.jpg_50x50.jpg, //sc02.alicdn.com/kf/H193ab7ef778641f395ef193290e6e4b73.jpg_50x50.jpg",https://fscalla.en.alibaba.com/product/62426512817-820601440/Nordic_metal_colorful_side_table_for_dinning_room_coffee_tea_table_set.html,ST-4
4,Nordic solid wood circular creative trolley tea table set Modern Plastic Office Table,56*41*41CM,"1 - 49 Pieces, $25.00, 50 - 99 Pieces, $20.00, >=100 Pieces, $18.00","//sc02.alicdn.com/kf/H8df536d779e64caba1b64662893408dfK.jpg_50x50.jpg, //sc01.alicdn.com/kf/Hef9948e2f93246ee931abed844ed437fu.jpg_50x50.jpg, //sc01.alicdn.com/kf/H2b3a4ccb56d748ebb4dac5814bd33ef9i.jpg_50x50.jpg, //sc02.alicdn.com/kf/H2a565bc28ee64b188c90533d9f156bcbH.jpg_50x50.jpg, //sc01.alicdn.com/kf/H20a0435838d04a3281c02fc13d3a908dw.jpg_50x50.jpg",https://fscalla.en.alibaba.com/product/62499156431-820601440/Nordic_solid_wood_circular_creative_trolley_tea_table_set_Modern_Plastic_Office_Table.html,ST-5
5,Nordic simple coffee table iron balcony luxury small size round copper table set,48.5*50,$85.00 - $90.00,"//sc01.alicdn.com/kf/H3418e97015924c2e8b1c0e3aa54c7f0cH.jpg_50x50.jpg, //sc01.alicdn.com/kf/H6b1bb812aec4443b9ac24fca781c0371r.jpg_50x50.jpg, //sc01.alicdn.com/kf/H75d14c93a98748afa0b589263556e7afS.jpg_50x50.jpg, //sc01.alicdn.com/kf/H9b5fd99406ec4e0084dceaf554a3406cU.jpg_50x50.jpg, //sc01.alicdn.com/kf/H5e1d025e79314c0e933af543f02fe427n.jpg_50x50.jpg",https://fscalla.en.alibaba.com/product/62473178505-820601440/Nordic_simple_coffee_table_iron_balcony_luxury_small_size_round_copper_table_set.html,ST-6
6,201 Stainless steel Rose gold or Titanium Artifical Marble Coffee table for Coffee shop living room furniture,50*52,"10 - 49 Pieces, $75.00, 50 - 99 Pieces, $73.00, >=100 Pieces, $70.00","//sc01.alicdn.com/kf/Hd9e5e097d8c141238df6ba48a0abf26bt.jpg_50x50.jpg, //sc01.alicdn.com/kf/H8c0eadcdac904c298f55c9c135ba55b4w.jpg_50x50.jpg, //sc01.alicdn.com/kf/Hb3a4666c86404322a98b360c4f17a5c2t.jpg_50x50.jpg, //sc01.alicdn.com/kf/Haba3c311b0844725920502bd52268bcaf.jpg_50x50.jpg, //sc01.alicdn.com/kf/He24795b19c6048d6b19104ae49d7a3baa.jpg_50x50.jpg, //sc01.alicdn.com/kf/Hb31ea02bf236446caa8208b2e04ec8bf8.jpg_50x50.jpg",https://fscalla.en.alibaba.com/product/62411052209-820601440/201_Stainless_steel_Rose_gold_or_Titanium_Artifical_Marble_Coffee_table_for_Coffee_shop_living_room_furniture.html,ST-7
7,Modern Black/white Bed room Tables Luxury Bedside Table cabinet,50*40*50,$70.00 - $80.00,"https://img.alicdn.com/imgextra/i3/6000000003876/O1CN01hLTnt51eVFjcXwrGe_!!6000000003876-0-tbvideo.jpg, //sc01.alicdn.com/kf/Hc7f8f6e1e8a0429a9203a6bf3930a8aaO.jpg_50x50.jpg, //sc01.alicdn.com/kf/H8ec7689ec0fc4b56953895841112c3c7j.jpg_50x50.jpg, //sc01.alicdn.com/kf/H687275f1ec584805833922d4c49b28ebu.jpg_50x50.jpg, //sc02.alicdn.com/kf/H2198284e0bdf4d3dbed2d9694296150en.jpg_50x50.jpg, //sc01.alicdn.com/kf/H6e01550560ff45c2832d79844b97974bq.jpg_50x50.jpg, //sc01.alicdn.com/kf/Hca1e7c812c0c437eb6f852e9d0cb34c4q.jpg_50x50.jpg",https://fscalla.en.alibaba.com/product/62477928549-820601440/Modern_Black_white_Bed_room_Tables_Luxury_Bedside_Table_cabinet.html,ST-8
8,Modern Luxury stainless steel rose gold metal frame marble coffee table set,60*60*65CM,$50.00 - $150.00,"//sc01.alicdn.com/kf/Hcc6f50da69394cbd8c345233e34976380.jpg_50x50.jpg, //sc02.alicdn.com/kf/He95a1281941d424f946a706e5567d2a5k.jpg_50x50.jpg, //sc01.alicdn.com/kf/Hab69f056d36642ce925eccdd1a14e633O.jpg_50x50.jpg, //sc01.alicdn.com/kf/H9724b401a6e54fd9b848dfd1162508854.jpg_50x50.jpg, //sc01.alicdn.com/kf/Hdae190c2a26942f2b658b072266634e67.jpg_50x50.jpg, //sc01.alicdn.com/kf/H314f8f7b69b645cb969249fcc489e82fU.jpg_50x50.jpg",https://fscalla.en.alibaba.com/product/62505996669-820601440/Modern_Luxury_stainless_steel_rose_gold_metal_frame_marble_coffee_table_set.html,ST-9
9,modern rose gold metal nightstand side table night cabinet for Bed room furniture,50*40*50,$70.00 - $80.00,"https://img.alicdn.com/imgextra/i1/6000000007337/O1CN01d4FYLX244OWDH5agb_!!6000000007337-0-tbvideo.jpg, //sc01.alicdn.com/kf/He1cdce77b7314e8590ce771720f38e27q.jpg_50x50.jpg, //sc01.alicdn.com/kf/H48807d4bf4ea4a37b393c5aea23527efR.jpg_50x50.jpg, //sc01.alicdn.com/kf/H8a05a914ad024d0f85f55038133a1703L.jpg_50x50.jpg, //sc02.alicdn.com/kf/H8d37a04166594138ac1fd036e79d0b5cr.jpg_50x50.jpg, //sc01.alicdn.com/kf/Ha991e354d45941bc9ffc47a15f656b66W.jpg_50x50.jpg, //sc01.alicdn.com/kf/H8c6f7bbe5f8a4790b992b49f5f67583at.jpg_50x50.jpg",https://fscalla.en.alibaba.com/product/62477369530-820601440/modern_rose_gold_metal_nightstand_side_table_night_cabinet_for_Bed_room_furniture.html,ST-10
10,2020 Living room sofa leisure chair corner White top Marble Round Side Table,40*60CM,$100.00 - $120.00,"//sc01.alicdn.com/kf/H8dfc5ba2a0674f3f96b52e7922824b5dc.jpg_50x50.jpg, //sc02.alicdn.com/kf/H5199165f01ea4c359db19104e546f70c0.jpg_50x50.jpg, //sc01.alicdn.com/kf/Hf67e383840d34c3b8ae319ff05780d941.jpg_50x50.jpg, //sc02.alicdn.com/kf/H446d930d790b4b069ec49e45f71b34bfn.jpg_50x50.jpg, //sc02.alicdn.com/kf/Hca04ff966fb24b5bba41c1d69090080bW.jpg_50x50.jpg, //sc02.alicdn.com/kf/Hdf79b58c67a948a5b24e1cbc47f04dd31.jpg_50x50.jpg",https://fscalla.en.alibaba.com/product/1600097150610-820601440/2020_Living_room_sofa_leisure_chair_corner_White_top_Marble_Round_Side_Table.html,ST-11
11,Luxury Simple side round shape marble stainless steel coffee table tea table set furniture for home office,50*50*56CM,$60.00 - $90.00,"//sc01.alicdn.com/kf/H60f7af73adea4d7d8c090f567aae08f0X.jpg_50x50.jpg, //sc01.alicdn.com/kf/H1bc5aa6e13fb47308bcc612cbc850cb9h.jpg_50x50.jpg, //sc02.alicdn.com/kf/He5be5b5f375246ac98d4085a000d6dd9j.jpg_50x50.jpg, //sc02.alicdn.com/kf/Hfac03496fe224958a0322c322975a943D.jpg_50x50.jpg",https://fscalla.en.alibaba.com/product/62512944613-820601440/Luxury_Simple_side_round_shape_marble_stainless_steel_coffee_table_tea_table_set_furniture_for_home_office.html,ST-12
12,Luxury golden Metal Console table living room high-end Side Tables furniture,140*40*78CM,$200.00 - $212.00,"//sc01.alicdn.com/kf/H42ccd805ba834289a5f3b276afef0bb1p.jpg_50x50.jpg, //sc01.alicdn.com/kf/H957e871618284425b45b9983d357a4e84.jpg_50x50.jpg, //sc02.alicdn.com/kf/Hde049b7d333a487da6a31b1cca1fb0f6i.jpg_50x50.jpg, //sc01.alicdn.com/kf/H044820bf0602426890d8b5c25b6a1dce9.jpg_50x50.jpg, //sc02.alicdn.com/kf/Hfc694908248e44b6ae8584638a9547d5r.jpg_50x50.jpg, //sc02.alicdn.com/kf/Hf6c54919493549568ceb9380aa5a9774p.jpg_50x50.jpg",https://fscalla.en.alibaba.com/product/1600097184226-820601440/Luxury_golden_Metal_Console_table_living_room_high_end_Side_Tables_furniture.html,ST-13
13,Nordic light luxury minimalist marble side table with stainless steel frame for home coffee sofa,50*50*55CM,$55.00 - $75.00,"//sc01.alicdn.com/kf/Hd1e9644e5c9c40bc9d871d6b8e51f785n.jpg_50x50.jpg, //sc01.alicdn.com/kf/He9a7c288dc9346b2a403345ccde88697t.jpg_50x50.jpg, //sc01.alicdn.com/kf/H47c5f2d747d045f8bd2af450cf7caa92M.jpg_50x50.jpg, //sc02.alicdn.com/kf/H5cd7cb7076ee4f2aa537c7eb471ba2e9X.jpg_50x50.jpg, //sc02.alicdn.com/kf/H038761918ffc4ab4bae5060c78013bcdU.jpg_50x50.jpg",https://fscalla.en.alibaba.com/product/62509012832-820601440/Nordic_light_luxury_minimalist_marble_side_table_with_stainless_steel_frame_for_home_coffee_sofa.html,ST-14
14,hot sale modern stainless steel small marble coffee table top living room sofa furniture,50*50*55CM,$55.00 - $75.00,"//sc01.alicdn.com/kf/Hd5465ea765f34c4aa1297f3a9b1dbc2eV.jpg_50x50.jpg, //sc01.alicdn.com/kf/H18d9dadf5e174b2b9ce056d98b43d625G.jpg_50x50.jpg, //sc01.alicdn.com/kf/H3cc00eb297504651b3272e0f93abc40c4.jpg_50x50.jpg, //sc02.alicdn.com/kf/H75c721eb9a2d4aa7a64bc6839fb170a9Q.jpg_50x50.jpg",https://fscalla.en.alibaba.com/product/62509044023-820601440/hot_sale_modern_stainless_steel_small_marble_coffee_table_top_living_room_sofa_furniture.html,ST-15
15,Luxury round glass tea table with stainless steel legs coffee table side tables,50*55CM,$65.00 - $70.00,"//sc01.alicdn.com/kf/Hede05a2c505c4bafb9c460ba9e0b9257b.jpg_50x50.jpg, //sc01.alicdn.com/kf/H7c6042630f804c569c6e8e8aa46bc3aci.jpg_50x50.jpg, //sc02.alicdn.com/kf/H35ad69a8e15f448da5650d2ee6cd2c1bW.jpg_50x50.jpg, //sc01.alicdn.com/kf/Ha191cb15913c4eaab5c32e7d3e713c1fu.jpg_50x50.jpg, //sc01.alicdn.com/kf/H8ea227e4d773469eafe25b1f92f87f5cd.jpg_50x50.jpg, //sc02.alicdn.com/kf/H7bf42e11fb984c4b80a33265920d7c09q.jpg_50x50.jpg",https://fscalla.en.alibaba.com/product/1600124766077-820601440/Luxury_round_glass_tea_table_with_stainless_steel_legs_coffee_table_side_tables.html,ST-16
16,Luxury modern gold metal marble top small side coffee table tea table furniture,50*55CM,$70.00 - $75.00,"//sc02.alicdn.com/kf/H5f06e6e0325545208e8b75c8e64a9dd37.jpg_50x50.jpg, //sc01.alicdn.com/kf/H24a1e99194804021b9393f8b1c988ed0H.jpg_50x50.jpg, //sc02.alicdn.com/kf/H98cb6218043d46d9907ff1ac401ddfd9c.jpg_50x50.jpg, //sc01.alicdn.com/kf/H2a393c90534a4e0393eb69463c1adeae5.jpg_50x50.jpg, //sc02.alicdn.com/kf/Hcdef1cf44a7a414bb581967f6f4e0765F.jpg_50x50.jpg, //sc02.alicdn.com/kf/H630f1d69022846e3a92b292440ecea5ay.jpg_50x50.jpg",https://fscalla.en.alibaba.com/product/1600124712668-820601440/Luxury_modern_gold_metal_marble_top_small_side_coffee_table_tea_table_furniture.html,ST-17
17,Luxury modern gold metal wood nightstand side table for living room bedroom furniture,"50*40*70cm, , 50*40*90cm, , 50*40*110cm, ",,"//sc01.alicdn.com/kf/Hb397e9d856f24b79bfd1522e4a00607bz.jpg_50x50.jpg, //sc02.alicdn.com/kf/He866ef47530f424dbf8ae93bd9d7159e8.jpg_50x50.jpg, //sc02.alicdn.com/kf/Hcfceffca2d3b47f5ba67d7cfa9dcd7e2I.jpg_50x50.jpg, //sc02.alicdn.com/kf/Ha6d36324910e496c8e5b5bda65b132ab3.jpg_50x50.jpg, //sc02.alicdn.com/kf/Hfcbe6f06012f4111be5f4a214137bba0u.jpg_50x50.jpg, //sc01.alicdn.com/kf/Hef372f11d0dc41a6bfbcf4a1d2894dec0.jpg_50x50.jpg",https://www.alibaba.com/product-detail/Luxury-modern-gold-metal-wood-nightstand_1600119342109.html,ST-18
18,luxury side table for living room furniture,"53*40*50CM, ","1-49 Pieces, $85.00, 50-99 Pieces, $80.00, >=100 Pieces, $78.00","//sc02.alicdn.com/kf/H5fee89d808a64c659b03f856477a25d23.jpg_50x50.jpg, //sc02.alicdn.com/kf/H0a1b6488b15743aab400df603af75c615.jpg_50x50.jpg, //sc02.alicdn.com/kf/H939b159029944eeabd2e5da469f13679S.jpg_50x50.jpg, //sc01.alicdn.com/kf/H292c5855f87f43fd8dd735c65edf532ao.jpg_50x50.jpg, //sc02.alicdn.com/kf/H13b06de50e254f86b1a7560f56c55c90o.jpg_50x50.jpg",https://www.alibaba.com/product-detail/luxury-side-table-for-living-room_1600131942070.html,ST-19
19,Modern nightstand small bedside corner table for bedroom furniture,"50*40*52CM, ","1-49 Pieces, $70.00, 50-99 Pieces, $68.00, >=100 Pieces, $65.00","//sc01.alicdn.com/kf/Ha1281ce6f5ce440db1154656e2bf7df17.jpg_50x50.jpg, //sc01.alicdn.com/kf/Hb57b2de77d7b41d5a1b1d85e33cf7490R.jpg_50x50.jpg, //sc02.alicdn.com/kf/Hb45fbda6a1704c8595a8b1e71d0eb158Z.jpg_50x50.jpg, //sc01.alicdn.com/kf/H51c31c87dac54ba0b160389d80e85eaaL.jpg_50x50.jpg, //sc01.alicdn.com/kf/H2a42fa95e7e24d8bb0a9f4b87e0e9a15M.jpg_50x50.jpg, //sc01.alicdn.com/kf/H65fd2edcb29a41bab3bd51f50333f5e5I.jpg_50x50.jpg",https://www.alibaba.com/product-detail/Modern-nightstand-small-bedside-corner-table_1600132489584.html,ST-20
20,Luxury nightstand bedside table with Drawer for bedroom furniture,"Two drawer:50*40*50CM, , Three drawer:50*40*70CM, ","1-49 Pieces, $70.00, 50-99 Pieces, $68.00, >=100 Pieces, $65.00","//sc01.alicdn.com/kf/H5f1eb43866a44991bb5c0430fefa59ddU.jpg_50x50.jpg, //sc02.alicdn.com/kf/H7a8cf954078a417298731f3d4e8b36b5g.jpg_50x50.jpg, //sc02.alicdn.com/kf/H7c2dc62e36c04c78a1c13218aca52ef0r.jpg_50x50.jpg, //sc01.alicdn.com/kf/H284ad92ef3094859be99acc0c02b8c9eg.jpg_50x50.jpg, //sc02.alicdn.com/kf/H5a40f896e97345ad9a532e922cb6c398Q.jpg_50x50.jpg, //sc01.alicdn.com/kf/H5afcb4dcd7524f8b86e79209b08c2b9cO.jpg_50x50.jpg",https://www.alibaba.com/product-detail/Luxury-nightstand-bedside-table-with-Drawer_1600132686010.html,ST-21
21,Modern luxury bedside table with drawer golden stainless steel frame side table for bedroom furniture,"50*40*53CM, ","1-49 Pieces, $70.00, 50-99 Pieces, $68.00, >=100 Pieces, $65.00","//sc02.alicdn.com/kf/Hc8cea42d6ce0442a984f5e556d66338d9.jpg_50x50.jpg, //sc02.alicdn.com/kf/He08e1643172c451a8d6fc0f283d837c0p.jpg_50x50.jpg, //sc02.alicdn.com/kf/H1c62b7b10103473da0257d0f0fc043578.jpg_50x50.jpg, //sc02.alicdn.com/kf/He295259b7b684bf38d1df32c5febb438g.jpg_50x50.jpg, //sc01.alicdn.com/kf/Hdbd9a565fb8540edb5c25af19483028f4.jpg_50x50.jpg, //sc02.alicdn.com/kf/H794b9dd0abdb4d38bb47d9cba4125ea0F.jpg_50x50.jpg",https://www.alibaba.com/product-detail/Modern-luxury-bedside-table-with-drawer_1600157240324.html,ST-22
22,luxury bedside table and Nightstands Nesting Corner Desk Stacking Telephone,"50*40*53CM, ","1-49 Pieces, $70.00, 50-99 Pieces, $68.00, >=100 Pieces, $65.00","//sc02.alicdn.com/kf/H6fe7e107f5604f0d9cc9d1ce4c5907189.jpg_50x50.jpg, //sc01.alicdn.com/kf/H79c80b9e05ba44fa849fc659e6428f8fV.jpg_50x50.jpg, //sc01.alicdn.com/kf/Hee8d4849f07a46e781dffda0967e8e0fi.jpg_50x50.jpg, //sc01.alicdn.com/kf/Hf323c227be694ff3b6746415d2ce96b9s.jpg_50x50.jpg, //sc02.alicdn.com/kf/H9a6edef4c53844b38264ef565e886ca2m.jpg_50x50.jpg, //sc01.alicdn.com/kf/H537086607a444d6995e2cbe563659d91V.jpg_50x50.jpg",https://www.alibaba.com/product-detail/luxury-bedside-table-and-Nightstands-Nesting_1600157256038.html,ST-23
