0,['Luxury chesterfield leather sofa'],"['Two seater', 'Three seater', 'One seater']",['<span>$220.00 - $500.00</span>'],"['//sc02.alicdn.com/kf/H6e65b1fc2be04001aefc3bc5c3aa6565G.jpg_50x50.jpg', '//sc01.alicdn.com/kf/H171d760b045f4475895071822fa4e4edf.jpg_50x50.jpg', '//sc02.alicdn.com/kf/H86eded77c13e4aacb634739d17a3b84bN.jpg_50x50.jpg', '//sc01.alicdn.com/kf/He8af470f558641f0ab0e3cc7e7b6339e5.jpg_50x50.jpg', '//sc02.alicdn.com/kf/H8be8f287db034012a70c4e0cb633c522F.jpg_50x50.jpg', '//sc01.alicdn.com/kf/H20fb1e10e249420184dc91f7a6968b9br.jpg_50x50.jpg']",https://fscalla.en.alibaba.com/product/62565048520-817987399/Luxury_chesterfield_leather_sofa.html
0,['Luxury Modern Design Wooden Frame leather chesterfield sofa Living Room Furniture Sets with stainless steel'],"['Three seats', 'One seat', 'Two seats']",['<span>$175.00 - $260.00</span>'],"['https://sc02.alicdn.com/kf/Hc00cf0dade584a2c9c3cb9085b9d3406n.jpg', '//sc01.alicdn.com/kf/Hfbae5c16746c475987d8de9ae097ed25a.jpg_50x50.jpg', '//sc02.alicdn.com/kf/H2c951b6c914b4875993fb358b0bec258Z.jpg_50x50.jpg', '//sc01.alicdn.com/kf/H28bd14c05dc1403f8f5878f2e191c51eu.jpg_50x50.jpg', '//sc01.alicdn.com/kf/H514f68aa528d48998cac6b76a0fccba3Y.jpg_50x50.jpg']",https://fscalla.en.alibaba.com/product/62508060526-817987399/Luxury_Modern_Design_Wooden_Frame_leather_chesterfield_sofa_Living_Room_Furniture_Sets_with_stainless_steel.html
0,['luxury simple section leather L shaped couch living room corner sofa'],"['One seat', 'Two seats', 'Three seats']",['<span>$220.00 - $450.00</span>'],"['//sc02.alicdn.com/kf/Haa8c77c8a8014a54a738705b6216fd66C.jpg_50x50.jpg', '//sc01.alicdn.com/kf/H2e57bc667449499582873bb8bec78d31l.jpg_50x50.jpg', '//sc01.alicdn.com/kf/H7ce005f22755499c9e0ed9405756eb33E.jpg_50x50.jpg', '//sc02.alicdn.com/kf/H0a6caa2af7ed4970ba02280d5841e135Y.jpg_50x50.jpg', '//sc01.alicdn.com/kf/Hdb6d55217abd440ea918fafc421e059am.jpg_50x50.jpg']",https://fscalla.en.alibaba.com/product/62565955780-817987399/luxury_simple_section_leather_L_shaped_couch_living_room_corner_sofa.html
0,['Modern Luxury Metal Base Leather Sofa Set with Cushions for living room furniture'],"['One seat', 'Two seats', 'Three seats']",['<span>$220.00 - $450.00</span>'],"['https://sc01.alicdn.com/kf/H324f0e301a85489fbadd498ec6a00c705.jpg', '//sc01.alicdn.com/kf/H7249b5c1bff347b9ae283a32cbe51dedw.jpg_50x50.jpg', '//sc01.alicdn.com/kf/Hb0271d6784ae4546ac93c0a7db9fe3abB.jpg_50x50.jpg', '//sc01.alicdn.com/kf/H0894d4ea99af4d35b8ea0887d58a0649M.jpg_50x50.jpg', '//sc01.alicdn.com/kf/Hfce90372f66d48d0b92b896fa4ab362cF.jpg_50x50.jpg', '//sc02.alicdn.com/kf/H28c71301eccc4153af6c45bade8a79932.jpg_50x50.jpg', '//sc02.alicdn.com/kf/H4938201bb2fb49f3abbef5e1b54f4557P.jpg_50x50.jpg']",https://fscalla.en.alibaba.com/product/62505153928-817987399/Modern_Luxury_Metal_Base_Leather_Sofa_Set_with_Cushions_for_living_room_furniture.html
0,['luxury classic style living room furniture sofa set'],"['Two seater', 'Three seater', 'One seater']",['<span>$220.00 - $500.00</span>'],"['//sc02.alicdn.com/kf/Ha3833fa770004c32836e83ceae6cea41T.jpg_50x50.jpg', '//sc01.alicdn.com/kf/Ha6091d0ade544aefbce2351555933a52Q.jpg_50x50.jpg', '//sc02.alicdn.com/kf/Hb33fd3660daf4a80889519c56e274629G.jpg_50x50.jpg', '//sc01.alicdn.com/kf/H6c983e93f0ee46ccaa55a9bea3a9c4e5u.jpg_50x50.jpg', '//sc01.alicdn.com/kf/Hbd23bac6e448477492e8ac4bdd6e51ffr.jpg_50x50.jpg']",https://fscalla.en.alibaba.com/product/62565914671-817987399/luxury_classic_style_living_room_furniture_sofa_set.html
0,"['luxury Simple design living room Leather sectional Corner Sofa 1,2,3 seater']","['Two seater', 'Three seater', 'One seater']",['<span>$220.00 - $500.00</span>'],"['//sc02.alicdn.com/kf/H030f853bc3a148ea89faf1c56ac18159G.jpg_50x50.jpg', '//sc02.alicdn.com/kf/H9f0381c2222f484fa7d8f375fd448c3es.jpg_50x50.jpg', '//sc01.alicdn.com/kf/H26a126167c4f483ebc4dadc6f4897801z.jpg_50x50.jpg', '//sc01.alicdn.com/kf/Hd8bb4a40f7e54fd6b9f2473d3afd925aq.jpg_50x50.jpg', '//sc01.alicdn.com/kf/H4dca5fec27f948acacdf6b036d6cbeeal.jpg_50x50.jpg', '//sc02.alicdn.com/kf/H6c618fd6dc4a48428c4935eb9c3249cdw.jpg_50x50.jpg']",https://fscalla.en.alibaba.com/product/62566032610-817987399/luxury_Simple_design_living_room_Leather_sectional_Corner_Sofa_1_2_3_seater.html
0,['Living Room Furniture For House Hotel Using Stainless Steel Sectional Luxury Leather Corner Sofa Set'],['335*170*75CM'],"['1 - 9 Pieces', '$990.00', '10 - 49 Pieces', '$900.00', '>=50 Pieces', '$825.00']","['//sc01.alicdn.com/kf/H4ae33762433244d8a572c4918a5b13c3Q.jpg_50x50.jpg', '//sc01.alicdn.com/kf/H3e64b70a70e54875ab8ca843579978c6k.jpg_50x50.jpg', '//sc01.alicdn.com/kf/Hc326dafd55fa4fca8a3e48fd0c40ce0eB.jpg_50x50.jpg', '//sc01.alicdn.com/kf/H348e376e57584f698fac86826c9f75810.jpg_50x50.jpg']",https://fscalla.en.alibaba.com/product/62525604172-817987399/Living_Room_Furniture_For_House_Hotel_Using_Stainless_Steel_Sectional_Luxury_Leather_Corner_Sofa_Set.html
0,['Modern Genuine Leather Sectional Sofa luxury furniture set stainless steel frame'],"['One seat', 'Two seats', 'Three seats']",['<span>$220.00 - $450.00</span>'],"['https://sc01.alicdn.com/kf/H324f0e301a85489fbadd498ec6a00c705.jpg', '//sc02.alicdn.com/kf/H93ebf7831ed044b0872d2feac576b8c0T.jpg_50x50.jpg', '//sc01.alicdn.com/kf/He14ef18fa87f4cdc86543202ba87cddco.jpg_50x50.jpg', '//sc02.alicdn.com/kf/He178be048cde42eda71f433d204b0a7eX.jpg_50x50.jpg', '//sc02.alicdn.com/kf/Hd99a3bf61dcd4bc5ad3e489fa10b64c3j.jpg_50x50.jpg', '//sc01.alicdn.com/kf/H421e5eee803e48f7bc2f89fbb4d5fe892.jpg_50x50.jpg', '//sc01.alicdn.com/kf/H0dc53648e896473a9e12fea02a892117R.jpg_50x50.jpg']",https://fscalla.en.alibaba.com/product/62508432788-817987399/Modern_Genuine_Leather_Sectional_Sofa_luxury_furniture_set_stainless_steel_frame.html
0,['luxury new design Leather corner sofa sectional sofa set for living room furniture'],"['One seat', 'Two seats', 'Three seats']",['<span>$220.00 - $450.00</span>'],"['//sc02.alicdn.com/kf/H505d323c9a21477ea9086914bb103d13Z.jpg_50x50.jpg', '//sc02.alicdn.com/kf/Hd22f4b0c44224fc99687816167a2e069k.jpg_50x50.jpg', '//sc02.alicdn.com/kf/H900d5bc52cd7465a9e9b5a4e30c1d56eO.jpg_50x50.jpg', '//sc01.alicdn.com/kf/H92d00671efc6423cb4f022165d602d55r.jpg_50x50.jpg', '//sc02.alicdn.com/kf/Hdaa11c0707d94326af848596f133a9a5r.jpg_50x50.jpg']",https://fscalla.en.alibaba.com/product/62565819150-817987399/luxury_new_design_Leather_corner_sofa_sectional_sofa_set_for_living_room_furniture.html
0,['High Density Foam Upholstered Cushion Leather 7 seater sofa set with Pillows Living Room Furniture'],"['Three seats', 'One seat', 'Two seats', 'ottoman']",['<span>$295.00 - $470.00</span>'],"['//sc02.alicdn.com/kf/H61f4c02d898b47c58ec3268cf1d6d77bx.jpg_50x50.jpg', '//sc01.alicdn.com/kf/Hdd6fea664cef426aa1f7feda6d7e8763c.jpg_50x50.jpg', '//sc02.alicdn.com/kf/H48476594381848b6867b67cd25061cc3O.jpg_50x50.jpg', '//sc02.alicdn.com/kf/Ha980d3ae5cb047bd92ceca8bb1ceae15o.jpg_50x50.jpg', '//sc01.alicdn.com/kf/Hd7d42ce0f502450b8f2744384ee72aa1I.jpg_50x50.jpg']",https://fscalla.en.alibaba.com/product/62522868318-817987399/High_Density_Foam_Upholstered_Cushion_Leather_7_seater_sofa_set_with_Pillows_Living_Room_Furniture.html
0,['2020 Latest Sofa Design stainless steel frame Luxury simple Leather sofa set'],['Three seats'],['<span>$200.00 - $400.00</span>'],"['//sc01.alicdn.com/kf/H25b3d0057bdd4e178ab405cbbecf1f44i.jpg_50x50.jpg', '//sc01.alicdn.com/kf/H3492ac3663404d639299ce0be079ac2aq.jpg_50x50.jpg', '//sc02.alicdn.com/kf/H41b2b483bed64f28be842796ba861186N.jpg_50x50.jpg', '//sc02.alicdn.com/kf/H328b0bda1edd40d1b7260a152e7301d1o.jpg_50x50.jpg', '//sc01.alicdn.com/kf/H66ba32c1ac394ac8bb42684d5949e0c1E.jpg_50x50.jpg', '//sc01.alicdn.com/kf/Hf06c9201718c418c9832e0ca50a4e9a2y.jpg_50x50.jpg']",https://fscalla.en.alibaba.com/product/62567539984-817987399/2020_Latest_Sofa_Design_stainless_steel_frame_Luxury_simple_Leather_sofa_set.html
0,['Modern Luxury wooden Leather sofa set living room furniture'],"['One seat', 'Two seats', 'Three seats', 'bench']",['<span>$220.00 - $550.00</span>'],"['//sc02.alicdn.com/kf/H4d254e5a2b78476385de6c411d539145i.jpg_50x50.jpg', '//sc02.alicdn.com/kf/Hfa13ea05604c4b4c94c1bcd2019e7b85V.jpg_50x50.jpg', '//sc01.alicdn.com/kf/H13c20bd3ad6c4ce6a2a7e3cbecf0865dL.jpg_50x50.jpg', '//sc02.alicdn.com/kf/H376de788f7484cc09a2cb3c2c3ea0983l.jpg_50x50.jpg', '//sc01.alicdn.com/kf/H5c9f8a001fba48a4a1eb302a02142700M.jpg_50x50.jpg', '//sc01.alicdn.com/kf/H42b857cb913942c596a50c30863cb5e42.jpg_50x50.jpg']",https://fscalla.en.alibaba.com/product/62569713766-817987399/Modern_Luxury_wooden_Leather_sofa_set_living_room_furniture.html
0,['Living room furniture Luxury Leather sofa set L shaped corner sofas'],"['One seat', 'Three seats', 'Three seats+couch', 'ottoman']",['<span>$220.00 - $450.00</span>'],"['//sc01.alicdn.com/kf/H303bc8a9afdf4cac955f4745b2d7b9bdl.jpg_50x50.jpg', '//sc02.alicdn.com/kf/Hb3964d80958e4c778692a9b86913ae47B.jpg_50x50.jpg', '//sc01.alicdn.com/kf/H2680f815266e43809f0019df345b0160y.jpg_50x50.jpg', '//sc01.alicdn.com/kf/H229f6cea0b1343ac9a1ff3e844c82b9dC.jpg_50x50.jpg', '//sc01.alicdn.com/kf/H473403e1fd454ee79bd91477d4b492abm.jpg_50x50.jpg']",https://fscalla.en.alibaba.com/product/62568153888-817987399/Living_room_furniture_Luxury_Leather_sofa_set_L_shaped_corner_sofas.html
0,['New design Living room luxury leather sofa set latest sofa design for Home Hotel furniture'],['Three seats'],['<span>$220.00 - $350.00</span>'],"['//sc02.alicdn.com/kf/H804158c11c8e45e3951b8fce49f9859dD.jpg_50x50.jpg', '//sc02.alicdn.com/kf/Hdca58ad1fbf84534ae4c57e8cd3412866.jpg_50x50.jpg', '//sc01.alicdn.com/kf/H984e5b16957a4876a0c8b2575c808f71x.jpg_50x50.jpg', '//sc02.alicdn.com/kf/H60a1adf9f4d24887860a1cb4cc665d4aP.jpg_50x50.jpg', '//sc01.alicdn.com/kf/He051d4330a46480592b804339b4ea48bO.jpg_50x50.jpg']",https://fscalla.en.alibaba.com/product/62568223466-817987399/New_design_Living_room_luxury_leather_sofa_set_latest_sofa_design_for_Home_Hotel_furniture.html
0,['New designs Luxury leather 3 2 1 seat sofa set living room L shaped couch sofas furniture'],"['Three seats', 'Two seats', 'One seat']",['<span>$200.00 - $400.00</span>'],"['https://img.alicdn.com/imgextra/i4/6000000000111/O1CN01FRlzQK1CgsYn6XgRs_!!6000000000111-0-tbvideo.jpg', '//sc01.alicdn.com/kf/Hd2b422f2f2af455c9c868cb8adb8d2a1w.jpg_50x50.jpg', '//sc01.alicdn.com/kf/H75e999ed0d1b49efb847ab7ff761ef5e3.jpg_50x50.jpg', '//sc01.alicdn.com/kf/He5b735275ab04bd79056a28cace4fc8fL.jpg_50x50.jpg', '//sc01.alicdn.com/kf/H6dbe138a57574ca2863309576ed9b758i.jpg_50x50.jpg', '//sc01.alicdn.com/kf/H91463adc9bb74926866384b0e96d13b24.jpg_50x50.jpg']",https://fscalla.en.alibaba.com/product/62569159711-817987399/New_designs_Luxury_leather_3_2_1_seat_sofa_set_living_room_L_shaped_couch_sofas_furniture.html
0,['Light luxury Modern Wooden Sectional Hotel Lobby Leather Sofa set'],"['One seat', 'Two seats', 'Three seats', 'Ottoman']",['<span>$220.00 - $550.00</span>'],"['//sc02.alicdn.com/kf/Hec390e60f17c4d1fb895a30e7cded9dfu.jpg_50x50.jpg', '//sc02.alicdn.com/kf/H39755a2c0dc1422390af4804daa058f6v.jpg_50x50.jpg', '//sc01.alicdn.com/kf/Hb18f02a392574bcfbf6ae3021480f5e1R.jpg_50x50.jpg', '//sc02.alicdn.com/kf/H910b7849a7eb4264a44b234f6a0d3625M.jpg_50x50.jpg', '//sc01.alicdn.com/kf/H975fb966a88e42899102fcf45155bf24J.jpg_50x50.jpg']",https://fscalla.en.alibaba.com/product/62562801627-817987399/Light_luxury_Modern_Wooden_Sectional_Hotel_Lobby_Leather_Sofa_set.html
0,['Modern luxury chesterfield velvet fabric sofa for living room furniture'],"['Three seats', 'Two seats', 'One seat']",['<span>$200.00 - $380.00</span>'],"['//sc02.alicdn.com/kf/H7da170e4ddc64a7b89830c7d40a04c4b6.jpg_50x50.jpg', '//sc02.alicdn.com/kf/H090518116c944ef6ae06508ba5b06254P.jpg_50x50.jpg', '//sc02.alicdn.com/kf/Ha76b9e6eac1e4f2f8e75349cdebfe12fJ.jpg_50x50.jpg', '//sc02.alicdn.com/kf/H63fb6a4265e54f6ab89e6526e81efd81z.jpg_50x50.jpg']",https://fscalla.en.alibaba.com/product/62573827318-817987399/Modern_luxury_chesterfield_velvet_fabric_sofa_for_living_room_furniture.html
0,"['Luxury gold stainless steel frame lounge sofa 1,2,3 seater leather sofas for living room furniture']","['Three seats', 'One seat', 'Two seats']",['<span>$180.00 - $610.00</span>'],"['//sc02.alicdn.com/kf/Hc87bd0754489413996bb8481e9672b0cw.jpg_50x50.jpg', '//sc02.alicdn.com/kf/H578505fe000e480abe953a476a584401T.jpg_50x50.jpg', '//sc02.alicdn.com/kf/H72b06b8907de4634b71491e277b9fbc3N.jpg_50x50.jpg', '//sc01.alicdn.com/kf/H0e302b6b01c640fcb849395c773b091fz.jpg_50x50.jpg', '//sc01.alicdn.com/kf/H238d1da2ed5b4cdd89a3e9e87a7de12ac.jpg_50x50.jpg']",https://fscalla.en.alibaba.com/product/1600056766617-817987399/Luxury_gold_stainless_steel_frame_lounge_sofa_1_2_3_seater_leather_sofas_for_living_room_furniture.html
0,['Modern luxury hardware style Fabric sofa set for living room furniture'],"['Three seats', 'Two seats', 'One seat']",['<span>$300.00 - $500.00</span>'],"['//sc02.alicdn.com/kf/H51b94d654da840f384510f9ae20d01fcI.jpg_50x50.jpg', '//sc02.alicdn.com/kf/H8ce89b3f1eca4667bec6e32b4564a4e06.jpg_50x50.jpg', '//sc01.alicdn.com/kf/H628a214ac3bb474a9625067903d86f6b0.jpg_50x50.jpg', '//sc02.alicdn.com/kf/H3327b41c59054965987efbe0f2e07de61.jpg_50x50.jpg', '//sc02.alicdn.com/kf/Hee50f325bc8243619341a96f15c1c631K.jpg_50x50.jpg']",https://fscalla.en.alibaba.com/product/62567016014-817987399/Modern_luxury_hardware_style_Fabric_sofa_set_for_living_room_furniture.html
0,['Luxury furniture Golden Metal Frame Office Sofa Set Design Stainless Steel leather Sofa Set'],"['Three seats', 'One seat', 'Two seats']",['<span>$200.00 - $645.00</span>'],"['//sc02.alicdn.com/kf/H4609cad9a95f41bd9ba72e205bc54450E.jpg_50x50.jpg', '//sc02.alicdn.com/kf/H98cfa464e63a4c0798cd79ad41f14a2b5.jpg_50x50.jpg', '//sc01.alicdn.com/kf/H5697204096bc43a2b51d2891fcf38d48S.jpg_50x50.jpg', '//sc02.alicdn.com/kf/H21abee3accde4c67b33ad55d5617f46de.jpg_50x50.jpg', '//sc01.alicdn.com/kf/H592bee39d9cb430c890fceb086aefc5ew.jpg_50x50.jpg', '//sc01.alicdn.com/kf/H83114324b84047cdbaa34901de1d1b4bR.jpg_50x50.jpg']",https://fscalla.en.alibaba.com/product/1600060242943-817987399/Luxury_furniture_Golden_Metal_Frame_Office_Sofa_Set_Design_Stainless_Steel_leather_Sofa_Set.html
0,['2020 Living Room Titanium Golden Color Stainless Steel Base Button Back White Leather Luxury Sofa Set'],"['Three seats', 'One seat', 'Two seats']",['<span>$180.00 - $610.00</span>'],"['//sc01.alicdn.com/kf/Hcc26d1305a634763a7092ec96d3c1bf5b.jpg_50x50.jpg', '//sc01.alicdn.com/kf/H05d2092b0c6a4335839cb89978130c44c.jpg_50x50.jpg', '//sc01.alicdn.com/kf/Hea17f304243d4a4383965cca5b17357dm.jpg_50x50.jpg', '//sc02.alicdn.com/kf/H73d4ef88849e4d57944536c677f8c7d9W.jpg_50x50.jpg', '//sc01.alicdn.com/kf/H18083371f822417694a1034c94242983I.jpg_50x50.jpg', '//sc02.alicdn.com/kf/Heb196f63c4d147b0a1960f239153c340V.jpg_50x50.jpg']",https://fscalla.en.alibaba.com/product/1600060285207-817987399/2020_Living_Room_Titanium_Golden_Color_Stainless_Steel_Base_Button_Back_White_Leather_Luxury_Sofa_Set.html
0,"['Simple Luxury fabric sofa sets 1,2,3 seater for living room modern home furniture']","['Three seats', 'One seat', 'Two seats', 'Three+couch']",['<span>$185.00 - $780.00</span>'],"['//sc01.alicdn.com/kf/Hbfc0d5f999884bf786c24594af14bb95B.jpg_50x50.jpg', '//sc01.alicdn.com/kf/Hbe02af3e8461447cafc2528f5a23ae5do.jpg_50x50.jpg', '//sc02.alicdn.com/kf/H2e355441fff24656938d721736b56ccc5.jpg_50x50.jpg', '//sc01.alicdn.com/kf/Hc9ad1444ca834502a31bbb81ba42de34z.jpg_50x50.jpg', '//sc02.alicdn.com/kf/H8c19f264ac43457e9adf183cc94fb0abN.jpg_50x50.jpg', '//sc01.alicdn.com/kf/H10fd113b7f304a5e80a3a8f2856dea4cW.jpg_50x50.jpg']",https://fscalla.en.alibaba.com/product/1600061473611-817987399/Simple_Luxury_fabric_sofa_sets_1_2_3_seater_for_living_room_modern_home_furniture.html
0,['Modern Stainless Steel Frame Velvet Fabric Sofas L Shaped Sectional Sofa Set Hotel Lounge Furniture'],"['Two Seats+Couch', 'Two Seats+1+Couch']",['<span>$665.00 - $695.00</span>'],"['//sc01.alicdn.com/kf/H48cfd8e32b2e4570b577548dc2287664f.jpg_50x50.jpg', '//sc02.alicdn.com/kf/H62f3958164074c55aadec8af8ed9c2abZ.jpg_50x50.jpg', '//sc01.alicdn.com/kf/H2039a477d06840359ee8626c0fd40995m.jpg_50x50.jpg', '//sc01.alicdn.com/kf/Ha1d400b2babf435a8d6746b340cc14eeb.jpg_50x50.jpg', '//sc02.alicdn.com/kf/Hb53d296319434b15993a977487e26dafv.jpg_50x50.jpg', '//sc01.alicdn.com/kf/Hb3038a99a38540d8b9bce34f2987aee28.jpg_50x50.jpg']",https://fscalla.en.alibaba.com/product/62531998223-817987399/Modern_Stainless_Steel_Frame_Velvet_Fabric_Sofas_L_Shaped_Sectional_Sofa_Set_Hotel_Lounge_Furniture.html
0,['Light Luxury simple style cloth art sofa set combination corner leather sofas'],"['Three seats', 'One seat', 'Two seats']",['<span>$210.00 - $665.00</span>'],"['//sc01.alicdn.com/kf/H6d731809403644658489db4f2ff54dfbh.jpg_50x50.jpg', '//sc01.alicdn.com/kf/Hb84c0d0f158a4836a36ca6000400d9baS.jpg_50x50.jpg', '//sc01.alicdn.com/kf/H274328fe379543ce9584559a87837153c.jpg_50x50.jpg', '//sc01.alicdn.com/kf/Hf5960fa890254862919ebef5a0e09c0co.jpg_50x50.jpg', '//sc01.alicdn.com/kf/H904854fc03ca4da8bd094dce500a11316.jpg_50x50.jpg']",https://fscalla.en.alibaba.com/product/1600062143757-817987399/Light_Luxury_simple_style_cloth_art_sofa_set_combination_corner_leather_sofas.html
0,['Luxury L-shaped corner sofa with chaise lounge sectional sofa set with button tufted'],"['Three seats', 'One seat', 'Two seats', 'Three+couch']",['<span>$185.00 - $780.00</span>'],"['//sc01.alicdn.com/kf/H1c96db4b849c46649765eeb2906827e4b.jpg_50x50.jpg', '//sc01.alicdn.com/kf/H792c43449b894d6c883220b4993bb7d6w.jpg_50x50.jpg', '//sc02.alicdn.com/kf/H8b75c73fa6534d749c5539eeb0f98150R.jpg_50x50.jpg', '//sc01.alicdn.com/kf/H08958ffeb80245ecb845f2a7bf5d4466y.jpg_50x50.jpg', '//sc02.alicdn.com/kf/Ha3c6088e569446659bab9f2fed8f85127.jpg_50x50.jpg', '//sc02.alicdn.com/kf/H0d597f6004c14a2fbe9da668bd371969o.jpg_50x50.jpg']",https://fscalla.en.alibaba.com/product/1600056190433-817987399/Luxury_L_shaped_corner_sofa_with_chaise_lounge_sectional_sofa_set_with_button_tufted.html
0,['Modern Wedding furniture Golden Steel Arm velvet Light Luxury fabric sofa set'],"['Two Seats', 'Three Seats', 'Four Seats', 'One Seat']",['<span>$260.00 - $385.00</span>'],"['//sc02.alicdn.com/kf/H8fd0ccbb35774eb19c893d5d4d3d998fG.jpg_50x50.jpg', '//sc02.alicdn.com/kf/H021c16e8035e4b739250eb77386e989dc.jpg_50x50.jpg', '//sc01.alicdn.com/kf/Hf3e8ea4bff2b4f9c83adf82779b8d692R.jpg_50x50.jpg', '//sc01.alicdn.com/kf/Hde587ea77a4f41d18cc89de016d35396x.jpg_50x50.jpg', '//sc01.alicdn.com/kf/H124b4abaf2454d0c92b6939cb503cfbey.jpg_50x50.jpg', '//sc02.alicdn.com/kf/H55fb4606376b40959ce7bcef2a3fcfdcs.jpg_50x50.jpg']",https://fscalla.en.alibaba.com/product/62531230132-817987399/Modern_Wedding_furniture_Golden_Steel_Arm_velvet_Light_Luxury_fabric_sofa_set.html
0,['Nordic creative Sofa stool for Cloak room Living room change shoes stool'],"['Single', 'Two Seats']",['<span>$30.00 - $50.00</span>'],"['https://img.alicdn.com/imgextra/i1/6000000006134/O1CN01GgLWlB1vBQ38tHsLe_!!6000000006134-0-tbvideo.jpg', '//sc02.alicdn.com/kf/H049f9b7893ad4714b4dd3c85bbeaaf246.jpg_50x50.jpg', '//sc01.alicdn.com/kf/Hef3a9e8f2cd2418c886ccbf5c34c9f906.jpg_50x50.jpg', '//sc01.alicdn.com/kf/H855e6bb59a8041c5a1c5f8f704106e3c9.jpg_50x50.jpg', '//sc01.alicdn.com/kf/H2b2ccd93d71d45cebe5247544028cb704.jpg_50x50.jpg', '//sc01.alicdn.com/kf/Hf7faf2aab25c41aea11b49da86680e0aR.jpg_50x50.jpg', '//sc01.alicdn.com/kf/H572eb1e5d06b45ea9728a2f53b7d061ee.jpg_50x50.jpg']",https://fscalla.en.alibaba.com/product/62428293986-817987399/Nordic_creative_Sofa_stool_for_Cloak_room_Living_room_change_shoes_stool.html
0,['Luxury modern design hotel home living room velvet tufted couch sectional sofa set furniture'],"['One Seater', 'Two Seater', 'Three Seater']",['<span>$149.00 - $390.00</span>'],"['https://sc01.alicdn.com/kf/Hbff7b1a55c5f435eaf7a33c853c1c178t.jpg', '//sc02.alicdn.com/kf/H8471dd347f194fb18371dbc1d0b9c693A.jpg_50x50.jpg', '//sc01.alicdn.com/kf/He3accaa13ffa41ab97df1b55c94fc992T.jpg_50x50.jpg', '//sc02.alicdn.com/kf/H863ef1ed95384a6ca97bdd997ba41c1eT.jpg_50x50.jpg', '//sc01.alicdn.com/kf/H1c24b24df4f24331af2979cd5c8080e79.jpg_50x50.jpg', '//sc01.alicdn.com/kf/H0f4418f64d7e479c965284cab449d94b3.jpg_50x50.jpg', '//sc02.alicdn.com/kf/H6ce62f5e062b4dc08014172440036af3X.jpg_50x50.jpg']",https://fscalla.en.alibaba.com/product/62473423318-817987399/Luxury_modern_design_hotel_home_living_room_velvet_tufted_couch_sectional_sofa_set_furniture.html
0,['2020 Leisure living room velvet arm chair with stainless base'],['Single:76*65'],['<span>$80.00 - $100.00</span>'],"['//sc02.alicdn.com/kf/H6d065d163eb7436aadb519291b5b59bee.jpg_50x50.jpg', '//sc01.alicdn.com/kf/H7bd2489c2182460c96aee7cff471941cq.jpg_50x50.jpg', '//sc01.alicdn.com/kf/H8b7815df2bbf49d8878b20a161c3d604y.jpg_50x50.jpg', '//sc01.alicdn.com/kf/H7d9523a44f1346138f0443774d7549b4t.jpg_50x50.jpg', '//sc02.alicdn.com/kf/H4c2121273c8c426786a0570fddc747a3M.jpg_50x50.jpg', '//sc02.alicdn.com/kf/H624ac3f12ec74d66adb500daa8c74cdf5.jpg_50x50.jpg']",https://fscalla.en.alibaba.com/product/62456638199-817987399/2020_Leisure_living_room_velvet_arm_chair_with_stainless_base.html
0,['Velvet Sofa Chesterfield Lounge Sofas set With Diamond Button In Living Room furniture'],"['One Seater', 'Two Seater', 'Three Seater']",['<span>$149.00 - $390.00</span>'],"['https://sc01.alicdn.com/kf/Hbff7b1a55c5f435eaf7a33c853c1c178t.jpg', '//sc01.alicdn.com/kf/Hfa62babbd34b437395281a713089ec2d3.jpg_50x50.jpg', '//sc01.alicdn.com/kf/Hc0a8fec238364234b2429bf39bbc2b1fM.jpg_50x50.jpg', '//sc01.alicdn.com/kf/H8e9bcce188334e5fb52a3227ad5d0246f.jpg_50x50.jpg', '//sc02.alicdn.com/kf/Ha75f9eed5df14f6f806b8bc9110bbd4c8.jpg_50x50.jpg', '//sc01.alicdn.com/kf/H5d2b61b1fd3248c19928a6d635145e1co.jpg_50x50.jpg']",https://fscalla.en.alibaba.com/product/62475715325-817987399/Velvet_Sofa_Chesterfield_Lounge_Sofas_set_With_Diamond_Button_In_Living_Room_furniture.html
0,['Nordic Style Velvet Single Sofa Iron Gold Chair for Leisure Coffee hotel home living room furniture'],['Single'],['<span>$80.00 - $100.00</span>'],"['https://img.alicdn.com/imgextra/i3/6000000002054/O1CN01Zb9PZE1R2m63GYwnx_!!6000000002054-0-tbvideo.jpg', '//sc02.alicdn.com/kf/Hd8cae3a0ed2542c4858e9bec30dc5909M.jpg_50x50.jpg', '//sc01.alicdn.com/kf/H1bf3c79c7ef1413680abce04c148bc726.jpg_50x50.jpg', '//sc02.alicdn.com/kf/Ha353d78def6a46dda90120b8a17ce0a0w.jpg_50x50.jpg', '//sc02.alicdn.com/kf/H6010a2a6ef6148ed99cd2f6729f2d46cc.jpg_50x50.jpg', '//sc01.alicdn.com/kf/H96cea32d7e8b432c8b4d6f4569ae69aaR.jpg_50x50.jpg', '//sc01.alicdn.com/kf/He7aeaa64ca2f4db6adf6674a6518ce61H.jpg_50x50.jpg']",https://fscalla.en.alibaba.com/product/62420621591-817987399/Nordic_Style_Velvet_Single_Sofa_Iron_Gold_Chair_for_Leisure_Coffee_hotel_home_living_room_furniture.html
0,['Luxury Fashionable Style Velvet Leather Sofa set for hotel living room furniture'],"['Three seats', 'One seat', 'Two seats']",['<span>$180.00 - $730.00</span>'],"['//sc02.alicdn.com/kf/H7bc4dc5a2a7d4fa1b6bdd88845efb075b.jpg_50x50.jpg', '//sc02.alicdn.com/kf/H09687e6185664de4aa00e9df1d909dffz.jpg_50x50.jpg', '//sc01.alicdn.com/kf/H64fdb153cc4e4c598c5122f57ad22cf11.jpg_50x50.jpg', '//sc01.alicdn.com/kf/Ha54539fe985042d891774d94a53576daz.jpg_50x50.jpg', '//sc02.alicdn.com/kf/H32f015fe56db4372b11fdc1db8d50e7fo.jpg_50x50.jpg']",https://fscalla.en.alibaba.com/product/62508074918-817987399/Luxury_Fashionable_Style_Velvet_Leather_Sofa_set_for_hotel_living_room_furniture.html
0,['luxury Gold stainless steel frame Leather wedding sofa for living room Hotel furniture'],"['Three seats', 'One seat', 'Two seats']",['<span>$280.00 - $420.00</span>'],"['https://sc02.alicdn.com/kf/Hc00cf0dade584a2c9c3cb9085b9d3406n.jpg', '//sc01.alicdn.com/kf/Hd8673ba2fc6c499494ff4b65df9e0dc3F.jpg_50x50.jpg', '//sc02.alicdn.com/kf/H58536829362b4d448beaafc3347756faZ.jpg_50x50.jpg', '//sc01.alicdn.com/kf/H2f4dfb6785ed4aefb451ef2589934b82J.jpg_50x50.jpg', '//sc02.alicdn.com/kf/H95681e2166944f7294959b862a1b2b452.jpg_50x50.jpg', '//sc01.alicdn.com/kf/H2bd711e9d8f24fa79305ee073b1dfee56.jpg_50x50.jpg', '//sc01.alicdn.com/kf/Hef82c608656f4c4da888da5928a10fdci.jpg_50x50.jpg']",https://fscalla.en.alibaba.com/product/62466607929-817987399/luxury_Gold_stainless_steel_frame_Leather_wedding_sofa_for_living_room_Hotel_furniture.html
0,['Black Leather Upholstered Lounge Chair and 0ttoman for Office Exposition Living Room furniture'],"['One seat', 'Two seats', 'Three seats', 'ottoman']",['<span>$75.00 - $560.00</span>'],"['//sc01.alicdn.com/kf/H017a1c5f8dd746508db2796f01c70a9ew.jpg_50x50.jpg', '//sc01.alicdn.com/kf/Hb28b1851dedd4600b478313cee41860eI.jpg_50x50.jpg', '//sc01.alicdn.com/kf/H7a99b0c84ece4c32b7b020724ba4e507T.jpg_50x50.jpg', '//sc02.alicdn.com/kf/H0ab210110e4b4d029abf020062482bc1N.jpg_50x50.jpg', '//sc02.alicdn.com/kf/H3af8febba5e847ed8ba071fcd5f5346eh.png_50x50.png', '//sc02.alicdn.com/kf/H7be807bb94104792a32d6a0b6fcdb5445.png_50x50.png']",https://fscalla.en.alibaba.com/product/62456724339-817987399/Black_Leather_Upholstered_Lounge_Chair_and_0ttoman_for_Office_Exposition_Living_Room_furniture.html
0,['Home furniture Chesterfield Design Royal Luxury Gold foot Living Room Leather Velvet Sofa set'],"['Three seats', 'One seat', 'Two seats']",['<span>$180.00 - $730.00</span>'],"['https://sc02.alicdn.com/kf/H23fa4f3b885248ddbae6c3416d1d6e44Q.jpg', '//sc01.alicdn.com/kf/Hb50bdab73ee7434d9441e3bd85b15793h.jpg_50x50.jpg', '//sc01.alicdn.com/kf/H21f4df04bc284ddc93f78c3fa27869ab0.jpg_50x50.jpg', '//sc02.alicdn.com/kf/He5ecd4e09b94424a958faf6110565092K.jpg_50x50.jpg', '//sc01.alicdn.com/kf/H0671ee4b998047328c57496796bc13b6V.jpg_50x50.jpg', '//sc01.alicdn.com/kf/H84892c36dbb24fa38ae7ce224d9695c18.jpg_50x50.jpg', '//sc01.alicdn.com/kf/Hc726e0158a484df5b6d216def3e664da3.jpg_50x50.jpg']",https://fscalla.en.alibaba.com/product/62471741469-817987399/Home_furniture_Chesterfield_Design_Royal_Luxury_Gold_foot_Living_Room_Leather_Velvet_Sofa_set.html
0,['Living room furniture 1+2+3 seats Lounge Chesterfield Sofa set with Metal leg'],"['Three seats', 'One seat', 'Two seats']",['<span>$280.00 - $420.00</span>'],"['https://sc02.alicdn.com/kf/Hc00cf0dade584a2c9c3cb9085b9d3406n.jpg', '//sc01.alicdn.com/kf/Hf35031fbf11d42ddb5bb20e98c04fdb5i.jpg_50x50.jpg', '//sc01.alicdn.com/kf/H1074d550018a4c38852db49c69c244acL.jpg_50x50.jpg', '//sc01.alicdn.com/kf/H08838438e56440e2bd316269a45a4b49u.jpg_50x50.jpg', '//sc01.alicdn.com/kf/H4318452724e94719853f03539cba9e10C.jpg_50x50.jpg', '//sc02.alicdn.com/kf/H11e9b56a5df24ea59cb58933899fbdfcD.jpg_50x50.jpg']",https://fscalla.en.alibaba.com/product/62468841761-817987399/Living_room_furniture_1_2_3_seats_Lounge_Chesterfield_Sofa_set_with_Metal_leg.html
0,['European Classic Living Room Genuine Leather Velvet Sofa Set'],"['Three seats', 'One seat', 'Two seats']",['<span>$180.00 - $730.00</span>'],"['//sc02.alicdn.com/kf/H2465ab786a6b43bbb0c02fd62efd4eebD.jpg_50x50.jpg', '//sc01.alicdn.com/kf/H97b1d14b9d9b426db6bff5ea013ef1eai.jpg_50x50.jpg', '//sc02.alicdn.com/kf/H95b604de2aa54aa7aaadc926f7868806U.jpg_50x50.jpg', '//sc02.alicdn.com/kf/Hf84a25412e0b4ee1b33d07f86ce46de07.jpg_50x50.jpg', '//sc01.alicdn.com/kf/Hc279e8fe70e6482d943be8fb81c9673ft.jpg_50x50.jpg']",https://fscalla.en.alibaba.com/product/62473389794-817987399/European_Classic_Living_Room_Genuine_Leather_Velvet_Sofa_Set.html
0,['Luxury Golden Metal Frame Office leather Sofa'],"['Three seats', 'One seat', 'Two seats']",['<span>$200.00 - $550.00</span>'],"['https://sc02.alicdn.com/kf/H11b86254fb134daabe07e028ed1f10d9s.jpg', '//sc02.alicdn.com/kf/Hfcc31c79d078487ab00ae74bb6cfb9fcc.jpg_50x50.jpg', '//sc01.alicdn.com/kf/H0432b27394c24e4d8f41c501c112fb33z.jpg_50x50.jpg', '//sc02.alicdn.com/kf/H90656108a90f4cd1b2750761b8459c8fj.jpg_50x50.jpg', '//sc01.alicdn.com/kf/H6c5742fb715944b0bfb19c1c7eb71accr.jpg_50x50.jpg', '//sc01.alicdn.com/kf/H8c030df155ee4891b103503a4041a1dcf.jpg_50x50.jpg', '//sc01.alicdn.com/kf/Hf9bac1bdc990434ab680b2d9960c8465I.jpg_50x50.jpg']",https://fscalla.en.alibaba.com/product/1600112625001-817987399/Luxury_Golden_Metal_Frame_Office_leather_Sofa.html
0,['Furnishing Upholstered Leather 3 Piece Sectional sofa for living room furniture'],"['Three seats', 'One seat', 'Two seats']",['<span>$200.00 - $550.00</span>'],"['https://sc01.alicdn.com/kf/H598a56b887dc45508c3f2b5dd686dd467.jpg', '//sc01.alicdn.com/kf/H0c77a417a9a54ff4ac638efdeb4a441fz.jpg_50x50.jpg', '//sc02.alicdn.com/kf/Hd382ed82bd034ee7bb5e217cd26407dap.jpg_50x50.jpg', '//sc02.alicdn.com/kf/Hf05fec2eb102487da431096c8c4f77c1G.jpg_50x50.jpg', '//sc02.alicdn.com/kf/Hc5b41e8baf584027888c5053b0fc6e2di.jpg_50x50.jpg', '//sc01.alicdn.com/kf/H42981d1d93e6434fa0ae9571b7b8ed51A.jpg_50x50.jpg', '//sc01.alicdn.com/kf/H32ff18ce6f654f25ab5bd8a10899b18cE.jpg_50x50.jpg']",https://fscalla.en.alibaba.com/product/1600112687578-817987399/Furnishing_Upholstered_Leather_3_Piece_Sectional_sofa_for_living_room_furniture.html
0,['Wholesale Linen Fabric Upholstery Chesterfield Sofa Set Leather sofas furniture'],"['Three seats', 'One seat', 'Two seats']",['<span>$175.00 - $260.00</span>'],"['https://sc02.alicdn.com/kf/Hc00cf0dade584a2c9c3cb9085b9d3406n.jpg', '//sc02.alicdn.com/kf/H08ede520642f486cbfe09c406d416c78A.jpg_50x50.jpg', '//sc01.alicdn.com/kf/H57a9a3f80c9b4bb1b144fd8231225be3S.jpg_50x50.jpg', '//sc02.alicdn.com/kf/H6962fb7cba8e4ec5a0f14d23ca3beb235.jpg_50x50.jpg', '//sc02.alicdn.com/kf/H7848cdbc8d87496e8b11acc930e9719cp.jpg_50x50.jpg', '//sc02.alicdn.com/kf/Hef955cec7d2d40fda5f5c81ffd7823edc.jpg_50x50.jpg']",https://fscalla.en.alibaba.com/product/62501594507-817987399/Wholesale_Linen_Fabric_Upholstery_Chesterfield_Sofa_Set_Leather_sofas_furniture.html
0,['Luxury modern Chesterfield Velvet leather Couch sofa set furniture'],"['Three seats', 'One seat', 'Two seats']",['<span>$200.00 - $300.00</span>'],"['//sc02.alicdn.com/kf/Hdb4a8834f66349249eccb9d16def8f0c3.jpg_50x50.jpg', '//sc01.alicdn.com/kf/H98b26cf28889464b9d9946bdb45c4fd2R.jpg_50x50.jpg', '//sc01.alicdn.com/kf/H4a0484c7fb3d4f5485cbcee6e20c9390U.jpg_50x50.jpg', '//sc01.alicdn.com/kf/H75fea6d6f80440a0be317432160cb3f4g.jpg_50x50.jpg']",https://fscalla.en.alibaba.com/product/1600128528598-817987399/Luxury_modern_Chesterfield_Velvet_leather_Couch_sofa_set_furniture.html
0,['Luxury leather or Velvet chesterfield sofa for living room furniture'],"['Three seats', 'One seat', 'Two seats']",['<span>$200.00 - $300.00</span>'],"['//sc02.alicdn.com/kf/H56f7e04ee841437c9b410f89b5f37dcbu.jpg_50x50.jpg', '//sc01.alicdn.com/kf/H82c8bfc24dc94d929dfb0ee91900d4a37.jpg_50x50.jpg', '//sc02.alicdn.com/kf/H733a7371b2ec473992ceb47da8f53c18m.jpg_50x50.jpg', '//sc02.alicdn.com/kf/Hd3e89d3cd62c47e8b56eeddbaab01becm.jpg_50x50.jpg', '//sc02.alicdn.com/kf/H8dcfdfd2eb4843588d2ec3a29435a355F.jpg_50x50.jpg']",https://fscalla.en.alibaba.com/product/1600128819513-817987399/Luxury_leather_or_Velvet_chesterfield_sofa_for_living_room_furniture.html
0,['Luxury Chesterfield Button-Tufted Velvet Sofa Set'],"['Three seats', 'One seat', 'Two seats']",['<span>$250.00 - $400.00</span>'],"['//sc01.alicdn.com/kf/H40ce52aabaab4fc3b98145d3c4bf9d33U.jpg_50x50.jpg', '//sc01.alicdn.com/kf/Hddefbf7904b14c61a193f6c6204d5669I.jpg_50x50.jpg', '//sc01.alicdn.com/kf/H132beaa9392c44e3ad0c34199f476629B.jpg_50x50.jpg', '//sc01.alicdn.com/kf/Ha8654107f6414e05a1a75a388733be01O.jpg_50x50.jpg', '//sc02.alicdn.com/kf/Heefd4d68d269400d9a6c1656b1db0e4bW.jpg_50x50.jpg']",https://fscalla.en.alibaba.com/product/1600129105386-817987399/Luxury_Chesterfield_Button_Tufted_Velvet_Sofa_Set.html
0,['Luxury Fabric leather L shape Chesterfield Sectional Sofa Set'],"['L sectional', 'One seat']",['<span>$250.00 - $950.00</span>'],"['https://img.alicdn.com/imgextra/i4/6000000002206/O1CN01HnFbFw1SAOLoTDHCv_!!6000000002206-0-tbvideo.jpg', '//sc01.alicdn.com/kf/H73841bfd6ee9423f9ef88b73107e1f3by.jpg_50x50.jpg', '//sc02.alicdn.com/kf/H59fb75aab4ae445f95995dcb088ef0f9e.jpg_50x50.jpg', '//sc02.alicdn.com/kf/H0857e13a45614ebba7f79f2a23ff4768o.jpg_50x50.jpg', '//sc01.alicdn.com/kf/H2625090e24cc41c498cf8669f632d310e.jpg_50x50.jpg', '//sc02.alicdn.com/kf/Hdb59e08d65e84e7e9e92011931427abfs.jpg_50x50.jpg']",https://fscalla.en.alibaba.com/product/1600129345605-817987399/Luxury_Fabric_leather_L_shape_Chesterfield_Sectional_Sofa_Set.html
0,['Modern Amerian Chesterfield Leisure Living Room leather Sofa set Furniture'],"['two seater', 'One seat', 'Three seater']",['<span>$150.00 - $250.00</span>'],"['//sc02.alicdn.com/kf/H165f9ee3302f4031b24732d16585ad80Q.jpg_50x50.jpg', '//sc02.alicdn.com/kf/Hdfc164abc6974df1b23a5ba7f5e88564Z.jpg_50x50.jpg', '//sc01.alicdn.com/kf/H5c1048101aae48e1bfb6b0c62e3d07a7m.jpg_50x50.jpg', '//sc02.alicdn.com/kf/Hf2d6bab8ac6c42f59dca84e01af27df4T.jpg_50x50.jpg', '//sc01.alicdn.com/kf/Hbc9bd9545425448083193a31d46dc032U.jpg_50x50.jpg']",https://fscalla.en.alibaba.com/product/1600130650141-817987399/Modern_Amerian_Chesterfield_Leisure_Living_Room_leather_Sofa_set_Furniture.html
0,['Customized modern buckle leather art living room sofa hotel villa sofa set furniture'],"['Three seats', 'One seat', 'Two seats']",['<span>$250.00 - $400.00</span>'],"['//sc02.alicdn.com/kf/H6671458b49b6479d989d059d429d5094g.jpg_50x50.jpg', '//sc01.alicdn.com/kf/Hf1815b61db7042e7af82691f1c58a9957.jpg_50x50.jpg', '//sc01.alicdn.com/kf/H8e03307d387e4843ac9363438b06d5c5i.jpg_50x50.jpg', '//sc02.alicdn.com/kf/Hc704f470b65a4504860d71a37203088aF.jpg_50x50.jpg']",https://fscalla.en.alibaba.com/product/1600130585657-817987399/Customized_modern_buckle_leather_art_living_room_sofa_hotel_villa_sofa_set_furniture.html
0,['Luxury Royal Style Fabric Golden sofa set furniture'],"['two seater', 'One seat', 'Three seater']",['<span>$200.00 - $300.00</span>'],"['//sc01.alicdn.com/kf/Ha5e1158382ad45c19f331a535369da7fr.jpg_50x50.jpg', '//sc01.alicdn.com/kf/H355b59265d1b4c308e42f8df3329898df.jpg_50x50.jpg', '//sc01.alicdn.com/kf/Hd01322d7793a4ce09fac492d88d98b9ew.jpg_50x50.jpg', '//sc01.alicdn.com/kf/Ha78bf628e7034853abafed44db2046afV.jpg_50x50.jpg']",https://fscalla.en.alibaba.com/product/1700003017868-817987399/Luxury_Royal_Style_Fabric_Golden_sofa_set_furniture.html
