Modern Marble Top Dining Room Table Stainless Steel Dining Room Table,"140*80*75cm, 160*90*75cm, 180*90*75cm",$170.00 - $200.00,"//sc02.alicdn.com/kf/Hfdc8db65164948d9aad6ae6c5696ac915.jpg_50x50.jpg, //sc01.alicdn.com/kf/H84bb999c415849998321673071ff959ag.jpg_50x50.jpg, //sc02.alicdn.com/kf/H15b422ff1995476d92104c9c7a423bfft.jpg_50x50.jpg, //sc02.alicdn.com/kf/H9d005e2822564dd8b623435bc8bcdf11b.jpg_50x50.jpg",https://fscalla.en.alibaba.com/product/1600164287573-817010597/Modern_Marble_Top_Dining_Room_Table_Stainless_Steel_Dining_Room_Table.html
Best sell home furniture TV stand and coffee table cabinet TV desk stand for living room,"TV stand:203*49*57CM, Glass coffee table:133*70*49CM, Marble coffee table:113*113*49CM",$340.00 - $360.00,"//sc02.alicdn.com/kf/H406dfd7629734d49859cc9fc4a7e5d351.jpg_50x50.jpg, //sc01.alicdn.com/kf/H2a72506d4d034b69a74e9c5225d86a58P.jpg_50x50.jpg, //sc01.alicdn.com/kf/H965b75c976ab4f4bb35e13b0c89f24c9a.jpg_50x50.jpg, //sc01.alicdn.com/kf/H1143671f14194fe0b8a2daf983caa764d.jpg_50x50.jpg, //sc01.alicdn.com/kf/H4d0bd7adda0a43309ddfa83ca72b32bdr.jpg_50x50.jpg, //sc01.alicdn.com/kf/Hdf41ca13fb27471c988b704fb112b337H.jpg_50x50.jpg",https://fscalla.en.alibaba.com/product/62599437726-817029715/Best_sell_home_furniture_TV_stand_and_coffee_table_cabinet_TV_desk_stand_for_living_room.html
luxury modern metal handle wooden buffet cabinet sideboard for living room furniture,"150*40*80cm, 120*40*80cm","1 - 9 Pieces, $300.00, 10 - 99 Pieces, $280.00, >=100 Pieces, $270.00","//sc01.alicdn.com/kf/H1df9f612ee7947ccb6c9f17ca19b20c16.jpg_50x50.jpg, //sc01.alicdn.com/kf/H28897b6caee34be485706d1f102acc1eO.jpg_50x50.jpg, //sc02.alicdn.com/kf/Ha9f781f9f7b444d5bfa19758033f3445R.jpg_50x50.jpg, //sc01.alicdn.com/kf/H94d5c26d22a946d9b7e6bd92fb772e0dh.jpg_50x50.jpg, //sc02.alicdn.com/kf/He869a9d0c1d64c1b9bf82e1084d0ebd7N.jpg_50x50.jpg",https://fscalla.en.alibaba.com/product/1600143531774-820524073/luxury_modern_metal_handle_wooden_buffet_cabinet_sideboard_for_living_room_furniture.html
Modern coffee table metal stainless steel base tea table with drawer,130*100*40CM,"1 - 9 Pieces, $270.00, 10 - 99 Pieces, $265.00, >=100 Pieces, $260.00","//sc02.alicdn.com/kf/Ha695d78a655f4716996b2fd6eb83a38bZ.jpg_50x50.jpg, //sc01.alicdn.com/kf/Hd6f97b0c95ba4395b0edbbf107c2acc3F.jpg_50x50.jpg, //sc02.alicdn.com/kf/Hac0f1239cc824474baf6c279697b0e50u.jpg_50x50.jpg, //sc01.alicdn.com/kf/Hf2e2051bfa16430eb30dd6f2ec0a91e1I.jpg_50x50.jpg, //sc01.alicdn.com/kf/Hbedd3c5cc02d495786ca6d70c861f016Q.jpg_50x50.jpg",https://fscalla.en.alibaba.com/product/1600158049272-820627505/Modern_coffee_table_metal_stainless_steel_base_tea_table_with_drawer.html
Hot New Products Glass Top Luxury Center coffee tea Table and Tv Stand Set living room furniture,"TV stand:180*40*48CM, TV stand:200*40*48CM, TV stand:220*40*48CM, Coffee table:120*60*48CM, Coffee table:135*60*48CM","1 - 9 Pieces, $255.00, 10 - 99 Pieces, $250.00, >=100 Pieces, $230.00","https://sc02.alicdn.com/kf/Hc90f1c959ffe43409fa3afa81bf7a6610.jpg, //sc01.alicdn.com/kf/H8fba37da71e94154987bfe28c688490f1.jpg_50x50.jpg, //sc02.alicdn.com/kf/H46006039b5cc44eaa3cf9a4c13d1cab1I.jpg_50x50.jpg, //sc02.alicdn.com/kf/Hd88f060433924a5cb6a870073fc2375d0.jpg_50x50.jpg, //sc01.alicdn.com/kf/H25fc48ebf6a246ac9718f9330ada2b28R.jpg_50x50.jpg, //sc02.alicdn.com/kf/H853c1457694144539f11add9d8929eeeH.jpg_50x50.jpg",https://fscalla.en.alibaba.com/product/1600093040475-817029715/Hot_New_Products_Glass_Top_Luxury_Center_coffee_tea_Table_and_Tv_Stand_Set_living_room_furniture.html
Factory price Luxury wooden TV Stand tv stands tv cabinet and coffee table set furniture,"TV stand:212*46*55CM, coffee table:122*110*47CM",$325.00 - $350.00,"//sc01.alicdn.com/kf/H8d2086fb57b34e15baa52b7327976b09V.jpg_50x50.jpg, //sc02.alicdn.com/kf/H534025dc1aa647a9a6a7c7cbc78600b83.jpg_50x50.jpg, //sc01.alicdn.com/kf/Ha443fc96ba2f4f3492a153b02e34136fi.jpg_50x50.jpg, //sc02.alicdn.com/kf/H118824eb70ff47f891db9fa48d4eb0beO.jpg_50x50.jpg, //sc01.alicdn.com/kf/Hfc316986da664fba9aedc9f780c42550g.jpg_50x50.jpg, //sc01.alicdn.com/kf/H99e847e85c3f45729cb9c18fb557d3a22.jpg_50x50.jpg",https://fscalla.en.alibaba.com/product/62593708854-817029715/Factory_price_Luxury_wooden_TV_Stand_tv_stands_tv_cabinet_and_coffee_table_set_furniture.html
Luxury marble top coffee table and TV Stand bucket cabinet for home hotel furniture,"TV stand:200*40*45CM, Coffee table:130*70*45CM, Cabinet:120*40*80CM, Cabinet:150*40*80CM","1 - 49 Pieces, $280.00, 50 - 99 Pieces, $260.00, >=100 Pieces, $250.00","//sc01.alicdn.com/kf/H4e4f12c7cb5848bc9d4f968503e0129cp.jpg_50x50.jpg, //sc02.alicdn.com/kf/Hf54d0e5d7eb44894945e2f448467c19b4.jpg_50x50.jpg, //sc01.alicdn.com/kf/H116195eb3f7444e1a25d86ba8891d0893.jpg_50x50.jpg, //sc01.alicdn.com/kf/Hc5d590da445648b8821c9a4b4c31b136n.jpg_50x50.jpg",https://fscalla.en.alibaba.com/product/1600134392425-817029715/Luxury_marble_top_coffee_table_and_TV_Stand_bucket_cabinet_for_home_hotel_furniture.html
Luxury Coffee Table and TV stand set furniture,"TV stand:180*40*48CM, TV stand:200*40*48CM, TV stand:220*40*48CM, Coffee table:120*60*48CM, Coffee table:135*70*48CM","1 - 9 Pieces, $255.00, 10 - 99 Pieces, $250.00, >=100 Pieces, $230.00","https://sc02.alicdn.com/kf/Hc90f1c959ffe43409fa3afa81bf7a6610.jpg, //sc01.alicdn.com/kf/H6c7566faaa5145e9913b86469c53e787b.jpg_50x50.jpg, //sc01.alicdn.com/kf/Hbd42819c55d04a589da1edf74a7519cfE.jpg_50x50.jpg, //sc01.alicdn.com/kf/H5e74e354235c47f195f5b604b7caf2efc.jpg_50x50.jpg, //sc01.alicdn.com/kf/H4aa204c12bf948f280a3e04db35fb109Y.jpg_50x50.jpg, //sc02.alicdn.com/kf/H77745f9e6fde436383490bbca721286a2.jpg_50x50.jpg",https://fscalla.en.alibaba.com/product/1600093057497-817029715/Luxury_Coffee_Table_and_TV_stand_set_furniture.html
Modern simple design living room furniture TV cabinet,"TV stand:185*40*50CM, coffee table:140*80*45CM, TV stand:320*40*50CM",$250.00 - $270.00,"//sc01.alicdn.com/kf/H0183385a99cc481f98fd7cb864cdc6e4o.jpg_50x50.jpg, //sc01.alicdn.com/kf/Hcc7555dccc024ede8fe619498be1efe6n.jpg_50x50.jpg, //sc01.alicdn.com/kf/H367beb17eb904122a02b582408e65aaee.jpg_50x50.jpg, //sc01.alicdn.com/kf/Hf4b1094a6e2f4567b1cceca7c0324fc3X.jpg_50x50.jpg, //sc02.alicdn.com/kf/Hc48c617bbebe4495bb8ed5a4dbd1a2abs.jpg_50x50.jpg",https://fscalla.en.alibaba.com/product/62596995188-817029715/Modern_simple_design_living_room_furniture_TV_cabinet.html
2020 Luxury european furniture Modern simple design living room center table and TV cabinet /TV stand,"TV stand:200*40*48CM, Table:130*70*48CM, ARK:60*40*65CM","1 - 9 Pieces, $255.00, 10 - 99 Pieces, $250.00, >=100 Pieces, $230.00","//sc01.alicdn.com/kf/Hd00e000d5056448aaa8065e1e9726f4du.jpg_50x50.jpg, //sc02.alicdn.com/kf/H0e998072e5f5431ebbe9b141d27f5043B.jpg_50x50.jpg, //sc02.alicdn.com/kf/Hb28b449a2d4e4298a0d9da30940f8367t.jpg_50x50.jpg, //sc01.alicdn.com/kf/H900ec8477dc344f9a5326a0bfcc240ddY.jpg_50x50.jpg, //sc02.alicdn.com/kf/H725338a0bdc04d56aae344d3043979fbJ.jpg_50x50.jpg",https://fscalla.en.alibaba.com/product/1600093100839-817029715/2020_Luxury_european_furniture_Modern_simple_design_living_room_center_table_and_TV_cabinet_TV_stand.html
Modern living room furniture sets luxury TV stand and coffee table,"TV stand:180*40*48CM, TV stand:200*40*48CM, TV stand:220*40*48CM, Coffee table:120*60*48CM, Coffee table:135*70*48CM","1 - 9 Pieces, $255.00, 10 - 99 Pieces, $250.00, >=100 Pieces, $230.00","https://sc02.alicdn.com/kf/Hc90f1c959ffe43409fa3afa81bf7a6610.jpg, //sc02.alicdn.com/kf/H7d165b4c62c341e294d476e2ae961ef2y.jpg_50x50.jpg, //sc02.alicdn.com/kf/Hfba1533af6784e9a9d97cff5e7cc8593j.jpg_50x50.jpg, //sc01.alicdn.com/kf/H98efef397756467db04af7c708b63f341.jpg_50x50.jpg, //sc01.alicdn.com/kf/Ha67651fd476e424dbc818c336ffe4696L.jpg_50x50.jpg, //sc01.alicdn.com/kf/H99a422e013484382a59da218407494660.jpg_50x50.jpg",https://fscalla.en.alibaba.com/product/1600092982914-817029715/Modern_living_room_furniture_sets_luxury_TV_stand_and_coffee_table.html
model stainless steel frame tv stand cabinets Luxury high glass top table tv stand,TV stand:200*40*42CM,"1 - 9 Pieces, $250.00, 10 - 99 Pieces, $240.00, >=100 Pieces, $230.00","//sc02.alicdn.com/kf/H2b5aaa6fefab47ea9d6002763e253332t.jpg_50x50.jpg, //sc01.alicdn.com/kf/Hfe9e206513e048b1a782024b1194d50eB.jpg_50x50.jpg, //sc01.alicdn.com/kf/H4f5c8cea5332479cb4944223d14c2e3bd.jpg_50x50.jpg, //sc02.alicdn.com/kf/H8b4f2d9251374bf8a9b3878f6cf48e1aX.jpg_50x50.jpg, //sc02.alicdn.com/kf/Ha09c27cf50064b26a8f8a44b178da48bF.jpg_50x50.jpg",https://fscalla.en.alibaba.com/product/1600095456781-817029715/model_stainless_steel_frame_tv_stand_cabinets_Luxury_high_glass_top_table_tv_stand.html
Luxury nightstand bedside table with Drawer for bedroom furniture,"Two drawer:50*40*50CM, , Three drawer:50*40*70CM, ","1-49 Pieces, $70.00, 50-99 Pieces, $68.00, >=100 Pieces, $65.00","//sc01.alicdn.com/kf/H5f1eb43866a44991bb5c0430fefa59ddU.jpg_50x50.jpg, //sc02.alicdn.com/kf/H7a8cf954078a417298731f3d4e8b36b5g.jpg_50x50.jpg, //sc02.alicdn.com/kf/H7c2dc62e36c04c78a1c13218aca52ef0r.jpg_50x50.jpg, //sc01.alicdn.com/kf/H284ad92ef3094859be99acc0c02b8c9eg.jpg_50x50.jpg, //sc02.alicdn.com/kf/H5a40f896e97345ad9a532e922cb6c398Q.jpg_50x50.jpg, //sc01.alicdn.com/kf/H5afcb4dcd7524f8b86e79209b08c2b9cO.jpg_50x50.jpg",https://www.alibaba.com/product-detail/Luxury-nightstand-bedside-table-with-Drawer_1600132686010.html
Luxury working desk with 2 drawer Stainless Steel leg Office Desk,"130*50*75CM, ","1-9 Pieces, $200.00, 10-99 Pieces, $180.00, >=100 Pieces, $170.00","//sc01.alicdn.com/kf/H8003f8b393a947ee89afd544f8a7ba10l.jpg_50x50.jpg, //sc01.alicdn.com/kf/Hf970965e838c47ae8018c755cde2f0e4M.jpg_50x50.jpg, //sc01.alicdn.com/kf/Hb5c4db18c11b454db5b8ff8f09a9beefF.jpg_50x50.jpg, //sc01.alicdn.com/kf/H0a3099576f6e4e2d8dd6777a1982d730h.jpg_50x50.jpg, //sc02.alicdn.com/kf/H1a25a1bab5fa4f57b56635ebc32f7b2ah.jpg_50x50.jpg",https://www.alibaba.com/product-detail/Luxury-working-desk-with-2-drawer_1600139982628.html
Modern luxury bedside table with drawer golden stainless steel frame side table for bedroom furniture,"50*40*53CM, ","1-49 Pieces, $70.00, 50-99 Pieces, $68.00, >=100 Pieces, $65.00","//sc02.alicdn.com/kf/Hc8cea42d6ce0442a984f5e556d66338d9.jpg_50x50.jpg, //sc02.alicdn.com/kf/He08e1643172c451a8d6fc0f283d837c0p.jpg_50x50.jpg, //sc02.alicdn.com/kf/H1c62b7b10103473da0257d0f0fc043578.jpg_50x50.jpg, //sc02.alicdn.com/kf/He295259b7b684bf38d1df32c5febb438g.jpg_50x50.jpg, //sc01.alicdn.com/kf/Hdbd9a565fb8540edb5c25af19483028f4.jpg_50x50.jpg, //sc02.alicdn.com/kf/H794b9dd0abdb4d38bb47d9cba4125ea0F.jpg_50x50.jpg",https://www.alibaba.com/product-detail/Modern-luxury-bedside-table-with-drawer_1600157240324.html
luxury bedside table and Nightstands Nesting Corner Desk Stacking Telephone,"50*40*53CM, ","1-49 Pieces, $70.00, 50-99 Pieces, $68.00, >=100 Pieces, $65.00","//sc02.alicdn.com/kf/H6fe7e107f5604f0d9cc9d1ce4c5907189.jpg_50x50.jpg, //sc01.alicdn.com/kf/H79c80b9e05ba44fa849fc659e6428f8fV.jpg_50x50.jpg, //sc01.alicdn.com/kf/Hee8d4849f07a46e781dffda0967e8e0fi.jpg_50x50.jpg, //sc01.alicdn.com/kf/Hf323c227be694ff3b6746415d2ce96b9s.jpg_50x50.jpg, //sc02.alicdn.com/kf/H9a6edef4c53844b38264ef565e886ca2m.jpg_50x50.jpg, //sc01.alicdn.com/kf/H537086607a444d6995e2cbe563659d91V.jpg_50x50.jpg",https://www.alibaba.com/product-detail/luxury-bedside-table-and-Nightstands-Nesting_1600157256038.html
modern gold frame marble coffee tables and TV stand set furniture,"TV stand:200*45*55CM, Table:130*70*45CM","1 - 9 Pieces, $520.00, 10 - 99 Pieces, $500.00, >=100 Pieces, $480.00","//sc01.alicdn.com/kf/He190adf7d65d4bc6a684169dad2ecef9x.jpg_50x50.jpg, //sc02.alicdn.com/kf/H79f63c1f32254f0a866b0851ec912557i.jpg_50x50.jpg, //sc01.alicdn.com/kf/Hc535659367d6456c9a1e8cd7945d90edE.jpg_50x50.jpg, //sc01.alicdn.com/kf/Hf5d3120521894f63a0ca674ccd7847047.jpg_50x50.jpg, //sc02.alicdn.com/kf/H76154b23b22442d38afac63ffdce95d10.jpg_50x50.jpg, //sc02.alicdn.com/kf/Hba492ee718894363a15ad7f12ab55179t.jpg_50x50.jpg",https://fscalla.en.alibaba.com/product/1600097697667-817029715/modern_gold_frame_marble_coffee_tables_and_TV_stand_set_furniture.html
European Style Living Room Furniture tv cabinet and coffee table set,"180*40*52CM, 200*40*52CM, 220*40*52CM, 240*40*52CM, 90/80CM, 80/70cm","1 - 9 Pieces, $250.00, 10 - 99 Pieces, $220.00, >=100 Pieces, $200.00","//sc01.alicdn.com/kf/Had3f279b81db4887b5b66845189ce7c91.jpg_50x50.jpg, //sc01.alicdn.com/kf/Hf715557ef0e543c294deac5d53599719T.jpg_50x50.jpg, //sc02.alicdn.com/kf/H33e1a7b398f34aa1bb4922c5995d0f20J.jpg_50x50.jpg, //sc01.alicdn.com/kf/He6c2849c5948430c9c526b2a9b306012D.jpg_50x50.jpg, //sc02.alicdn.com/kf/H6a2a1073789a47059ce118e9ace2becdP.jpg_50x50.jpg",https://fscalla.en.alibaba.com/product/62510954975-817029715/European_Style_Living_Room_Furniture_tv_cabinet_and_coffee_table_set.html
Modern Stainless Steel Gold Leg TV stand and Coffee Table set for living room furniture,"TV stand:200*40*48CM, Table:130*70*48CM, ARK:60*40*48CM",$580.00 - $620.00,"//sc02.alicdn.com/kf/Hd1cfbc5b272c4f99a9f4457d410b67edZ.jpg_50x50.jpg, //sc02.alicdn.com/kf/H70bbbe1318a8435797103546f6daa8d7B.jpg_50x50.jpg, //sc01.alicdn.com/kf/Hbe7b9ced573342bfaf666047e2841d5eF.jpg_50x50.jpg, //sc01.alicdn.com/kf/H898c06e8a7ce462b863c6491b3784290w.jpg_50x50.jpg, //sc02.alicdn.com/kf/H927473acd9d04521a10eb671ec22832ba.jpg_50x50.jpg",https://fscalla.en.alibaba.com/product/1600100220628-817029715/Modern_Stainless_Steel_Gold_Leg_TV_stand_and_Coffee_Table_set_for_living_room_furniture.html
Modern luxury coffee table and TV stand set golden stainless steel frame tea table with drawer,"TV stand:180*45*60CM, TV stand:200*45*60CM, TV stand:220*45*60CM, TV stand:240*45*60CM, Coffee table:110*110*50CM, Coffee table:135*75*50CM, Cabinet:150*40*82CM, Cabinet:120*40*82CM",$580.00 - $620.00,"//sc01.alicdn.com/kf/Hab6c937797714b6bbf7e83538a1032935.jpg_50x50.jpg, //sc02.alicdn.com/kf/Hcbb7d58277ef4d18899407c4404ecb78M.jpg_50x50.jpg, //sc02.alicdn.com/kf/H7c05ba7a2a034ddfa51e49be410cc098u.jpg_50x50.jpg, //sc02.alicdn.com/kf/Hf4387ffb83a8420888aea20a9d2972eca.jpg_50x50.jpg, //sc01.alicdn.com/kf/H1d56303baec14a9bb76d06f9d6683a80G.jpg_50x50.jpg, //sc01.alicdn.com/kf/H0c291a43e6dd4476a8fcea71c8ba07732.jpg_50x50.jpg",https://fscalla.en.alibaba.com/product/1600102302776-817029715/Modern_luxury_coffee_table_and_TV_stand_set_golden_stainless_steel_frame_tea_table_with_drawer.html
Luxury marble top coffee table and TV Stand bucket cabinet for home hotel furniture,"TV stand:200*40*45CM, Coffee table:130*70*45CM, Cabinet:120*40*80CM, Cabinet:150*40*80CM","1 - 49 Pieces, $280.00, 50 - 99 Pieces, $260.00, >=100 Pieces, $250.00","//sc01.alicdn.com/kf/H4e4f12c7cb5848bc9d4f968503e0129cp.jpg_50x50.jpg, //sc02.alicdn.com/kf/Hf54d0e5d7eb44894945e2f448467c19b4.jpg_50x50.jpg, //sc01.alicdn.com/kf/H116195eb3f7444e1a25d86ba8891d0893.jpg_50x50.jpg, //sc01.alicdn.com/kf/Hc5d590da445648b8821c9a4b4c31b136n.jpg_50x50.jpg",https://fscalla.en.alibaba.com/product/1600134392425-817029715/Luxury_marble_top_coffee_table_and_TV_Stand_bucket_cabinet_for_home_hotel_furniture.html
Modern furniture stainless steel base antique hallway wood luxury console table with drawer,120*40*85,$220.00 - $230.00,"https://img.alicdn.com/imgextra/i2/6000000006295/O1CN01mXxGxw1wN9oo8JbRR_!!6000000006295-0-tbvideo.jpg, //sc01.alicdn.com/kf/Hd938df4292304decb2573f693a5b255dX.jpg_50x50.jpg, //sc01.alicdn.com/kf/He2e418e5969a40b4b0df9d4bd3af8c9br.jpg_50x50.jpg, //sc02.alicdn.com/kf/Hd7ccf1bcc7504426976817345c140781f.jpg_50x50.jpg, //sc01.alicdn.com/kf/Hc0e0a9706f1047728a3aebedfe0ae4d0j.jpg_50x50.jpg, //sc01.alicdn.com/kf/H47709676ce1b44eca7730ed0a5911003W.jpg_50x50.jpg, //sc01.alicdn.com/kf/Hbaed2c8acfb648ef9d4c160f8a0847b2b.jpg_50x50.jpg",https://fscalla.en.alibaba.com/product/62478041206-820524073/Modern_furniture_stainless_steel_base_antique_hallway_wood_luxury_console_table_with_drawer.html
marble top round dining table and chair set for home dining room furniture,"130*130*75CM, 150*150*75CM",$150.00 - $550.00,"https://sc01.alicdn.com/kf/H95b2b34e448c454babd0194cb89cd1afs.jpg, //sc01.alicdn.com/kf/Ha51b7627c25a433498747ab23086055eJ.jpg_50x50.jpg, //sc01.alicdn.com/kf/H6f9cc93b6ca4439bb9a30b490fa1a80cr.jpg_50x50.jpg, //sc01.alicdn.com/kf/H7422570d4a604f7ba6810fbb0feb88b7F.jpg_50x50.jpg, //sc02.alicdn.com/kf/Ha0fa918618a94552855ac9b9d2604840i.jpg_50x50.jpg, //sc01.alicdn.com/kf/H850dddd07d0f4ecb95cd505411d3c89aB.jpg_50x50.jpg, //sc02.alicdn.com/kf/Hceb2eaff0eff4af28f65bd534ab9d51eq.jpg_50x50.jpg",https://fscalla.en.alibaba.com/product/62564484367-817010597/marble_top_round_dining_table_and_chair_set_for_home_dining_room_furniture.html
modern round shape coffee and end table artificial marble stone gold computer table set,"Marble:60*75CM, Marble:70*75cm, Marble:80*85cm, Stone:60*75CM, Stone:70*75CM, Stone:80*75CM",$110.00 - $120.00,"//sc02.alicdn.com/kf/H4b60634b0bd9471aab6267398a25af8bc.jpg_50x50.jpg, //sc02.alicdn.com/kf/H881e3356f932450a98e6798f395e7440E.jpg_50x50.jpg, //sc01.alicdn.com/kf/H626c2e01d4d7422f8828c36996b66ed8i.jpg_50x50.jpg, //sc02.alicdn.com/kf/H2ffb4c9a78e143998604b902e9eb95c1t.jpg_50x50.jpg, //sc01.alicdn.com/kf/H898a7945754746ec891fd803c0cb2ecdN.jpg_50x50.jpg, //sc01.alicdn.com/kf/Hd7a5754ca7464b85ad964a2fd2e4f16fG.jpg_50x50.jpg",https://fscalla.en.alibaba.com/product/1600104511493-821064627/modern_round_shape_coffee_and_end_table_artificial_marble_stone_gold_computer_table_set.html
Luxury Modern Design Wooden Frame leather chesterfield sofa Living Room Furniture Sets with stainless steel,"Three seats, One seat, Two seats",$175.00 - $260.00,"https://sc02.alicdn.com/kf/Hc00cf0dade584a2c9c3cb9085b9d3406n.jpg, //sc01.alicdn.com/kf/Hfbae5c16746c475987d8de9ae097ed25a.jpg_50x50.jpg, //sc02.alicdn.com/kf/H2c951b6c914b4875993fb358b0bec258Z.jpg_50x50.jpg, //sc01.alicdn.com/kf/H28bd14c05dc1403f8f5878f2e191c51eu.jpg_50x50.jpg, //sc01.alicdn.com/kf/H514f68aa528d48998cac6b76a0fccba3Y.jpg_50x50.jpg",https://fscalla.en.alibaba.com/product/62508060526-817987399/Luxury_Modern_Design_Wooden_Frame_leather_chesterfield_sofa_Living_Room_Furniture_Sets_with_stainless_steel.html
Living room luxury gold metal frame leather Office Chair or Dining room chair furniture,50*43*92CM,$45.00 - $50.00,"//sc02.alicdn.com/kf/H88d0d35dcfd84e42a4dfe57fbce1ae57i.jpg_50x50.jpg, //sc01.alicdn.com/kf/H88e21dacf11941129432a1f5d4148147Q.jpg_50x50.jpg, //sc02.alicdn.com/kf/H17c22a404f9e4b1aabeb80b299bf59280.jpg_50x50.jpg, //sc01.alicdn.com/kf/H055be42db53e4d5382b4b21a2f5ddc62C.jpg_50x50.jpg, //sc01.alicdn.com/kf/H763628b9ed3942d6912a988e33a87c2bj.jpg_50x50.jpg, //sc02.alicdn.com/kf/H60e26e995aad43168e2152395aa8f8723.jpg_50x50.jpg",https://fscalla.en.alibaba.com/product/1600097130513-815342447/Living_room_luxury_gold_metal_frame_leather_Office_Chair_or_Dining_room_chair_furniture.html
2020 New Design Luxury Adult Room Wooden Frame King/Queen Size Comfortable Leather Bed,"KING, Double, 2200*1960*1400, 2200*1660*1400",$430.00 - $550.00,"//sc01.alicdn.com/kf/Hbf418917f6cc41cf9e8ddf1a8ad3e57dX.jpg_50x50.jpg, //sc01.alicdn.com/kf/Ha768c57f7a7b454c962c24f393534fe83.jpg_50x50.jpg, //sc02.alicdn.com/kf/H77ca355847e848edae570912e04f8de4K.jpg_50x50.jpg, //sc01.alicdn.com/kf/H97a1581e63d440389773b5d59d2db4d4E.jpg_50x50.jpg, //sc02.alicdn.com/kf/Hef02c524426e4e05810216e2704c3e616.jpg_50x50.jpg, //sc01.alicdn.com/kf/Hb7c295af10184ae3b0ec10fb042f419bn.jpg_50x50.jpg",https://fscalla.en.alibaba.com/product/1600095986591-816660537/2020_New_Design_Luxury_Adult_Room_Wooden_Frame_King_Queen_Size_Comfortable_Leather_Bed.html
Modern Marble Top Dining Room Table Stainless Steel Dining Room Table,"140*80*75cm, 160*90*75cm, 180*90*75cm",$170.00 - $200.00,"//sc02.alicdn.com/kf/Hfdc8db65164948d9aad6ae6c5696ac915.jpg_50x50.jpg, //sc01.alicdn.com/kf/H84bb999c415849998321673071ff959ag.jpg_50x50.jpg, //sc02.alicdn.com/kf/H15b422ff1995476d92104c9c7a423bfft.jpg_50x50.jpg, //sc02.alicdn.com/kf/H9d005e2822564dd8b623435bc8bcdf11b.jpg_50x50.jpg",https://fscalla.en.alibaba.com/product/1600164287573-817010597/Modern_Marble_Top_Dining_Room_Table_Stainless_Steel_Dining_Room_Table.html
Modern coffee table metal stainless steel base tea table with drawer,130*100*40CM,"1 - 9 Pieces, $270.00, 10 - 99 Pieces, $265.00, >=100 Pieces, $260.00","//sc02.alicdn.com/kf/Ha695d78a655f4716996b2fd6eb83a38bZ.jpg_50x50.jpg, //sc01.alicdn.com/kf/Hd6f97b0c95ba4395b0edbbf107c2acc3F.jpg_50x50.jpg, //sc02.alicdn.com/kf/Hac0f1239cc824474baf6c279697b0e50u.jpg_50x50.jpg, //sc01.alicdn.com/kf/Hf2e2051bfa16430eb30dd6f2ec0a91e1I.jpg_50x50.jpg, //sc01.alicdn.com/kf/Hbedd3c5cc02d495786ca6d70c861f016Q.jpg_50x50.jpg",https://fscalla.en.alibaba.com/product/1600158049272-820627505/Modern_coffee_table_metal_stainless_steel_base_tea_table_with_drawer.html
Dressing Table Marble Top steel legs console table with mirror and stool for bedroom furniture,"Glass:50*62CM, , Table1:100*40*77CM, , Table2:120*40*77CM, , Ottoman:43*43*43CM, ","1-9 Pieces, $250.00, 10-99 Pieces, $220.00, >=100 Pieces, $200.00","//sc02.alicdn.com/kf/H8e32cacf28c94e28afb81ef7593afa83K.jpg_50x50.jpg, //sc02.alicdn.com/kf/H4b8531be509d4382a771a6901a6ce6cdl.jpg_50x50.jpg, //sc01.alicdn.com/kf/H689682fd914b495688ecf2b86382d3cae.jpg_50x50.jpg, //sc02.alicdn.com/kf/Hb09097b415b34463aefedc8637a960a5v.jpg_50x50.jpg, //sc02.alicdn.com/kf/H6b67bc360fd347678f45f7cbbea39993o.jpg_50x50.jpg",https://www.alibaba.com/product-detail/Dressing-Table-Marble-Top-steel-legs_1600063404608.html
luxury modern metal handle wooden buffet cabinet sideboard for living room furniture,"150*40*80cm, 120*40*80cm","1 - 9 Pieces, $300.00, 10 - 99 Pieces, $280.00, >=100 Pieces, $270.00","//sc01.alicdn.com/kf/H1df9f612ee7947ccb6c9f17ca19b20c16.jpg_50x50.jpg, //sc01.alicdn.com/kf/H28897b6caee34be485706d1f102acc1eO.jpg_50x50.jpg, //sc02.alicdn.com/kf/Ha9f781f9f7b444d5bfa19758033f3445R.jpg_50x50.jpg, //sc01.alicdn.com/kf/H94d5c26d22a946d9b7e6bd92fb772e0dh.jpg_50x50.jpg, //sc02.alicdn.com/kf/He869a9d0c1d64c1b9bf82e1084d0ebd7N.jpg_50x50.jpg",https://fscalla.en.alibaba.com/product/1600143531774-820524073/luxury_modern_metal_handle_wooden_buffet_cabinet_sideboard_for_living_room_furniture.html
luxury bedside table and Nightstands Nesting Corner Desk Stacking Telephone,"50*40*53CM, ","1-49 Pieces, $70.00, 50-99 Pieces, $68.00, >=100 Pieces, $65.00","//sc02.alicdn.com/kf/H6fe7e107f5604f0d9cc9d1ce4c5907189.jpg_50x50.jpg, //sc01.alicdn.com/kf/H79c80b9e05ba44fa849fc659e6428f8fV.jpg_50x50.jpg, //sc01.alicdn.com/kf/Hee8d4849f07a46e781dffda0967e8e0fi.jpg_50x50.jpg, //sc01.alicdn.com/kf/Hf323c227be694ff3b6746415d2ce96b9s.jpg_50x50.jpg, //sc02.alicdn.com/kf/H9a6edef4c53844b38264ef565e886ca2m.jpg_50x50.jpg, //sc01.alicdn.com/kf/H537086607a444d6995e2cbe563659d91V.jpg_50x50.jpg",https://www.alibaba.com/product-detail/luxury-bedside-table-and-Nightstands-Nesting_1600157256038.html
Modern luxury bedside table with drawer golden stainless steel frame side table for bedroom furniture,"50*40*53CM, ","1-49 Pieces, $70.00, 50-99 Pieces, $68.00, >=100 Pieces, $65.00","//sc02.alicdn.com/kf/Hc8cea42d6ce0442a984f5e556d66338d9.jpg_50x50.jpg, //sc02.alicdn.com/kf/He08e1643172c451a8d6fc0f283d837c0p.jpg_50x50.jpg, //sc02.alicdn.com/kf/H1c62b7b10103473da0257d0f0fc043578.jpg_50x50.jpg, //sc02.alicdn.com/kf/He295259b7b684bf38d1df32c5febb438g.jpg_50x50.jpg, //sc01.alicdn.com/kf/Hdbd9a565fb8540edb5c25af19483028f4.jpg_50x50.jpg, //sc02.alicdn.com/kf/H794b9dd0abdb4d38bb47d9cba4125ea0F.jpg_50x50.jpg",https://www.alibaba.com/product-detail/Modern-luxury-bedside-table-with-drawer_1600157240324.html
Luxury marble top coffee table and TV Stand bucket cabinet for home hotel furniture,"TV stand:200*40*45CM, Coffee table:130*70*45CM, Cabinet:120*40*80CM, Cabinet:150*40*80CM","1 - 49 Pieces, $280.00, 50 - 99 Pieces, $260.00, >=100 Pieces, $250.00","//sc01.alicdn.com/kf/H4e4f12c7cb5848bc9d4f968503e0129cp.jpg_50x50.jpg, //sc02.alicdn.com/kf/Hf54d0e5d7eb44894945e2f448467c19b4.jpg_50x50.jpg, //sc01.alicdn.com/kf/H116195eb3f7444e1a25d86ba8891d0893.jpg_50x50.jpg, //sc01.alicdn.com/kf/Hc5d590da445648b8821c9a4b4c31b136n.jpg_50x50.jpg",https://fscalla.en.alibaba.com/product/1600134392425-817029715/Luxury_marble_top_coffee_table_and_TV_Stand_bucket_cabinet_for_home_hotel_furniture.html
Luxury working desk with 2 drawer Stainless Steel leg Office Desk,"130*50*75CM, ","1-9 Pieces, $200.00, 10-99 Pieces, $180.00, >=100 Pieces, $170.00","//sc01.alicdn.com/kf/H8003f8b393a947ee89afd544f8a7ba10l.jpg_50x50.jpg, //sc01.alicdn.com/kf/Hf970965e838c47ae8018c755cde2f0e4M.jpg_50x50.jpg, //sc01.alicdn.com/kf/Hb5c4db18c11b454db5b8ff8f09a9beefF.jpg_50x50.jpg, //sc01.alicdn.com/kf/H0a3099576f6e4e2d8dd6777a1982d730h.jpg_50x50.jpg, //sc02.alicdn.com/kf/H1a25a1bab5fa4f57b56635ebc32f7b2ah.jpg_50x50.jpg",https://www.alibaba.com/product-detail/Luxury-working-desk-with-2-drawer_1600139982628.html
Luxury nightstand bedside table with Drawer for bedroom furniture,"Two drawer:50*40*50CM, , Three drawer:50*40*70CM, ","1-49 Pieces, $70.00, 50-99 Pieces, $68.00, >=100 Pieces, $65.00","//sc01.alicdn.com/kf/H5f1eb43866a44991bb5c0430fefa59ddU.jpg_50x50.jpg, //sc02.alicdn.com/kf/H7a8cf954078a417298731f3d4e8b36b5g.jpg_50x50.jpg, //sc02.alicdn.com/kf/H7c2dc62e36c04c78a1c13218aca52ef0r.jpg_50x50.jpg, //sc01.alicdn.com/kf/H284ad92ef3094859be99acc0c02b8c9eg.jpg_50x50.jpg, //sc02.alicdn.com/kf/H5a40f896e97345ad9a532e922cb6c398Q.jpg_50x50.jpg, //sc01.alicdn.com/kf/H5afcb4dcd7524f8b86e79209b08c2b9cO.jpg_50x50.jpg",https://www.alibaba.com/product-detail/Luxury-nightstand-bedside-table-with-Drawer_1600132686010.html
